{
  "parent": "minecraft:item/generated",
  "textures": {
    "layer0": "minecraft:item/barrier"
  },
  "overrides": [
    {
      "predicate": {
        "custom_model_data": 10000
      },
      "model": "item/reus/head_upper"
    },
    {
      "predicate": {
        "custom_model_data": 10001
      },
      "model": "item/reus/head_lower"
    },
    {
      "predicate": {
        "custom_model_data": 10002
      },
      "model": "item/reus/neck"
    },
    {
      "predicate": {
        "custom_model_data": 10003
      },
      "model": "item/reus/body0"
    },
    {
      "predicate": {
        "custom_model_data": 10004
      },
      "model": "item/reus/body1"
    },
    {
      "predicate": {
        "custom_model_data": 10005
      },
      "model": "item/reus/leg_l_0"
    },
    {
      "predicate": {
        "custom_model_data": 10006
      },
      "model": "item/reus/leg_l_1"
    },
    {
      "predicate": {
        "custom_model_data": 10007
      },
      "model": "item/reus/leg_l_2"
    },
    {
      "predicate": {
        "custom_model_data": 10008
      },
      "model": "item/reus/leg_r_0"
    },
    {
      "predicate": {
        "custom_model_data": 10009
      },
      "model": "item/reus/leg_r_1"
    },
    {
      "predicate": {
        "custom_model_data": 10010
      },
      "model": "item/reus/leg_r_2"
    },
    {
      "predicate": {
        "custom_model_data": 10011
      },
      "model": "item/reus/tail_0"
    },
    {
      "predicate": {
        "custom_model_data": 10012
      },
      "model": "item/reus/tail_1"
    },
    {
      "predicate": {
        "custom_model_data": 10013
      },
      "model": "item/reus/tail_2"
    },
    {
      "predicate": {
        "custom_model_data": 10014
      },
      "model": "item/reus/wing_l_0"
    },
    {
      "predicate": {
        "custom_model_data": 10015
      },
      "model": "item/reus/wing_l_1"
    },
    {
      "predicate": {
        "custom_model_data": 10016
      },
      "model": "item/reus/wing_r_0"
    },
    {
      "predicate": {
        "custom_model_data": 10017
      },
      "model": "item/reus/wing_r_1"
    }
  ]
}