{
	"credit": "Made with Blockbench",
	"texture_size": [32, 32],
	"textures": {
		"0": "reus/head",
		"particle": "reus/head"
	},
	"elements": [
		{
			"from": [6.64892, 10.33515, 6.72006],
			"to": [9.34892, 11.23515, 11.67006],
			"rotation": {"angle": 0, "axis": "y", "origin": [10.69892, 9.88515, 10.77006]},
			"faces": {
				"north": {"uv": [0, 4.5, 1, 5], "texture": "#0"},
				"east": {"uv": [3.5, 1, 5, 1.5], "texture": "#0"},
				"south": {"uv": [4.5, 2, 5.5, 2.5], "texture": "#0"},
				"west": {"uv": [3.5, 2.5, 5, 3], "texture": "#0"},
				"up": {"uv": [2.5, 1.5, 1.5, 0], "texture": "#0"},
				"down": {"uv": [3.5, 0, 2.5, 1.5], "texture": "#0"}
			}
		},
		{
			"from": [6.19892, 9.43515, 5.82006],
			"to": [9.79892, 10.33515, 11.67006],
			"rotation": {"angle": 0, "axis": "y", "origin": [10.69892, 9.88515, 10.77006]},
			"faces": {
				"north": {"uv": [4.5, 3.5, 5.5, 4], "texture": "#0"},
				"east": {"uv": [3.5, 3, 5, 3.5], "texture": "#0"},
				"south": {"uv": [4.5, 4, 5.5, 4.5], "texture": "#0"},
				"west": {"uv": [2, 4.5, 3.5, 5], "texture": "#0"},
				"up": {"uv": [1, 4.5, 0, 3], "texture": "#0"},
				"down": {"uv": [2, 3.5, 1, 5], "texture": "#0"}
			}
		},
		{
			"from": [6.37892, 7.18515, 4.47006],
			"to": [9.61892, 9.43515, 5.82006],
			"rotation": {"angle": 0, "axis": "y", "origin": [10.69892, 9.88515, 10.77006]},
			"faces": {
				"north": {"uv": [10.5, 1.5, 12.5, 3], "texture": "#0"},
				"east": {"uv": [4.25, 1.5, 4.5, 2], "texture": "#0"},
				"south": {"uv": [1, 5, 2, 5.5], "texture": "#0"},
				"west": {"uv": [2.5, 2, 2.75, 2.5], "texture": "#0"},
				"up": {"uv": [2.5, 3.5, 1.5, 3.25], "texture": "#0"},
				"down": {"uv": [3.5, 4.25, 2.5, 4.5], "texture": "#0"}
			}
		},
		{
			"from": [5.92892, 7.18515, 5.82006],
			"to": [10.06892, 9.43515, 11.67006],
			"rotation": {"angle": 0, "axis": "y", "origin": [10.69892, 9.88515, 10.77006]},
			"faces": {
				"north": {"uv": [0, 5, 1, 5.5], "texture": "#0"},
				"east": {"uv": [2.5, 1.5, 4.25, 2], "texture": "#0"},
				"south": {"uv": [1, 5, 2, 5.5], "texture": "#0"},
				"west": {"uv": [2.75, 2, 4.5, 2.5], "texture": "#0"},
				"up": {"uv": [2.5, 3.5, 1.5, 1.5], "texture": "#0"},
				"down": {"uv": [3.5, 2.5, 2.5, 4.5], "texture": "#0"}
			}
		},
		{
			"from": [6.10892, 6.28515, 9.96006],
			"to": [10.06892, 9.07515, 11.13006],
			"rotation": {"angle": 0, "axis": "y", "origin": [10.69892, 9.88515, 10.77006]},
			"faces": {
				"north": {"uv": [0, 5, 1, 5.5], "texture": "#0"},
				"east": {"uv": [2.5, 1.5, 4.25, 2], "texture": "#0"},
				"south": {"uv": [1, 5, 2, 5.5], "texture": "#0"},
				"west": {"uv": [2.75, 2, 4.5, 2.5], "texture": "#0"},
				"up": {"uv": [2.5, 3.5, 1.5, 1.5], "texture": "#0"},
				"down": {"uv": [3.5, 2.5, 2.5, 4.5], "texture": "#0"}
			}
		},
		{
			"from": [6.64892, 7.18515, 2.67006],
			"to": [9.34892, 8.62515, 4.47006],
			"rotation": {"angle": 0, "axis": "y", "origin": [10.69892, 9.88515, 10.77006]},
			"faces": {
				"north": {"uv": [2, 5, 3, 5.5], "texture": "#0"},
				"east": {"uv": [1, 3, 1.5, 3.5], "texture": "#0"},
				"south": {"uv": [3, 5, 4, 5.5], "texture": "#0"},
				"west": {"uv": [2, 3.5, 2.5, 4], "texture": "#0"},
				"up": {"uv": [5, 5.5, 4, 5], "texture": "#0"},
				"down": {"uv": [6, 5, 5, 5.5], "texture": "#0"}
			}
		},
		{
			"from": [7.54892, 7.18515, 1.50006],
			"to": [8.44892, 8.08515, 2.67006],
			"rotation": {"angle": 0, "axis": "y", "origin": [10.69892, 9.88515, 10.77006]},
			"faces": {
				"north": {"uv": [2, 4, 2.5, 4.5], "texture": "#0"},
				"east": {"uv": [4, 5.5, 4.5, 6], "texture": "#0"},
				"south": {"uv": [4.5, 5.5, 5, 6], "texture": "#0"},
				"west": {"uv": [5, 5.5, 5.5, 6], "texture": "#0"},
				"up": {"uv": [6, 6, 5.5, 5.5], "texture": "#0"},
				"down": {"uv": [6, 2, 5.5, 2.5], "texture": "#0"}
			}
		},
		{
			"from": [7.72892, 6.28515, 1.32006],
			"to": [8.26892, 7.18515, 1.86006],
			"rotation": {"angle": 45, "axis": "x", "origin": [8.89892, 6.73515, 1.95006]},
			"faces": {
				"north": {"uv": [5.5, 3.5, 6, 4], "texture": "#0"},
				"east": {"uv": [5.5, 4, 6, 4.5], "texture": "#0"},
				"south": {"uv": [0, 6, 0.5, 6.5], "texture": "#0"},
				"west": {"uv": [0.5, 6, 1, 6.5], "texture": "#0"},
				"up": {"uv": [1.5, 6.5, 1, 6], "texture": "#0"},
				"down": {"uv": [2, 6, 1.5, 6.5], "texture": "#0"}
			}
		},
		{
			"from": [7.68392, 7.15643, 4.41464],
			"to": [8.31392, 8.73143, 4.88714],
			"rotation": {"angle": 22.5, "axis": "x", "origin": [7.99892, 11.26268, 7.23839]},
			"faces": {
				"north": {"uv": [2, 6, 2.5, 6.5], "texture": "#0"},
				"east": {"uv": [2.5, 6, 3, 6.5], "texture": "#0"},
				"south": {"uv": [3, 6, 3.5, 6.5], "texture": "#0"},
				"west": {"uv": [3.5, 6, 4, 6.5], "texture": "#0"},
				"up": {"uv": [4.5, 6.5, 4, 6], "texture": "#0"},
				"down": {"uv": [5, 6, 4.5, 6.5], "texture": "#0"}
			}
		},
		{
			"from": [7.32392, 7.15643, 4.86464],
			"to": [8.67392, 9.63143, 5.87714],
			"rotation": {"angle": 22.5, "axis": "x", "origin": [7.99892, 11.26268, 7.23839]},
			"faces": {
				"north": {"uv": [5, 6, 5.5, 6.5], "texture": "#0"},
				"east": {"uv": [5.5, 6, 6, 6.5], "texture": "#0"},
				"south": {"uv": [6, 6, 6.5, 6.5], "texture": "#0"},
				"west": {"uv": [6, 0, 6.5, 0.5], "texture": "#0"},
				"up": {"uv": [6.5, 1, 6, 0.5], "texture": "#0"},
				"down": {"uv": [6.5, 1, 6, 1.5], "texture": "#0"}
			}
		},
		{
			"from": [7.66142, 9.63143, 5.22464],
			"to": [8.33642, 10.64393, 5.89964],
			"rotation": {"angle": 22.5, "axis": "x", "origin": [7.99892, 11.26268, 7.23839]},
			"faces": {
				"north": {"uv": [6, 1.5, 6.5, 2], "texture": "#0"},
				"east": {"uv": [6, 2, 6.5, 2.5], "texture": "#0"},
				"south": {"uv": [6, 2.5, 6.5, 3], "texture": "#0"},
				"west": {"uv": [6, 3, 6.5, 3.5], "texture": "#0"},
				"up": {"uv": [6.5, 4, 6, 3.5], "texture": "#0"},
				"down": {"uv": [6.5, 4, 6, 4.5], "texture": "#0"}
			}
		},
		{
			"from": [7.79642, 10.64393, 5.49464],
			"to": [8.20142, 11.31893, 5.89964],
			"rotation": {"angle": 22.5, "axis": "x", "origin": [7.99892, 11.26268, 7.23839]},
			"faces": {
				"north": {"uv": [6, 4.5, 6.5, 5], "texture": "#0"},
				"east": {"uv": [6, 5, 6.5, 5.5], "texture": "#0"},
				"south": {"uv": [6, 5.5, 6.5, 6], "texture": "#0"},
				"west": {"uv": [0, 6.5, 0.5, 7], "texture": "#0"},
				"up": {"uv": [1, 7, 0.5, 6.5], "texture": "#0"},
				"down": {"uv": [1.5, 6.5, 1, 7], "texture": "#0"}
			}
		},
		{
			"from": [7.09892, 8.34511, 6.03921],
			"to": [8.89892, 11.04511, 7.38921],
			"rotation": {"angle": 22.5, "axis": "x", "origin": [7.99892, 11.42011, 7.85421]},
			"faces": {
				"north": {"uv": [1.5, 6.5, 2, 7], "texture": "#0"},
				"east": {"uv": [2, 6.5, 2.5, 7], "texture": "#0"},
				"south": {"uv": [2.5, 6.5, 3, 7], "texture": "#0"},
				"west": {"uv": [3, 6.5, 3.5, 7], "texture": "#0"},
				"up": {"uv": [4, 7, 3.5, 6.5], "texture": "#0"},
				"down": {"uv": [4.5, 6.5, 4, 7], "texture": "#0"}
			}
		},
		{
			"from": [7.54892, 11.04511, 6.48921],
			"to": [8.44892, 12.39511, 7.38921],
			"rotation": {"angle": 22.5, "axis": "x", "origin": [7.99892, 11.42011, 7.85421]},
			"faces": {
				"north": {"uv": [4.5, 6.5, 5, 7], "texture": "#0"},
				"east": {"uv": [5, 6.5, 5.5, 7], "texture": "#0"},
				"south": {"uv": [5.5, 6.5, 6, 7], "texture": "#0"},
				"west": {"uv": [6, 6.5, 6.5, 7], "texture": "#0"},
				"up": {"uv": [7, 7, 6.5, 6.5], "texture": "#0"},
				"down": {"uv": [7, 0, 6.5, 0.5], "texture": "#0"}
			}
		},
		{
			"from": [7.72892, 12.39511, 6.84921],
			"to": [8.26892, 13.29511, 7.38921],
			"rotation": {"angle": 22.5, "axis": "x", "origin": [7.99892, 11.42011, 7.85421]},
			"faces": {
				"north": {"uv": [6.5, 0.5, 7, 1], "texture": "#0"},
				"east": {"uv": [6.5, 1, 7, 1.5], "texture": "#0"},
				"south": {"uv": [6.5, 1.5, 7, 2], "texture": "#0"},
				"west": {"uv": [6.5, 2, 7, 2.5], "texture": "#0"},
				"up": {"uv": [7, 3, 6.5, 2.5], "texture": "#0"},
				"down": {"uv": [7, 3, 6.5, 3.5], "texture": "#0"}
			}
		},
		{
			"from": [7.09892, 10.08511, 7.47921],
			"to": [8.89892, 11.43511, 10.17921],
			"rotation": {"angle": -45, "axis": "x", "origin": [7.99892, 11.42011, 7.85421]},
			"faces": {
				"north": {"uv": [6.5, 3.5, 7, 4], "texture": "#0"},
				"east": {"uv": [6.5, 4, 7, 4.5], "texture": "#0"},
				"south": {"uv": [6.5, 4.5, 7, 5], "texture": "#0"},
				"west": {"uv": [6.5, 5, 7, 5.5], "texture": "#0"},
				"up": {"uv": [7, 6, 6.5, 5.5], "texture": "#0"},
				"down": {"uv": [7, 6, 6.5, 6.5], "texture": "#0"}
			}
		},
		{
			"from": [7.54892, 10.08511, 10.17921],
			"to": [8.44892, 10.98511, 11.52921],
			"rotation": {"angle": -45, "axis": "x", "origin": [7.99892, 11.42011, 7.85421]},
			"faces": {
				"north": {"uv": [0, 7, 0.5, 7.5], "texture": "#0"},
				"east": {"uv": [0.5, 7, 1, 7.5], "texture": "#0"},
				"south": {"uv": [1, 7, 1.5, 7.5], "texture": "#0"},
				"west": {"uv": [1.5, 7, 2, 7.5], "texture": "#0"},
				"up": {"uv": [2.5, 7.5, 2, 7], "texture": "#0"},
				"down": {"uv": [3, 7, 2.5, 7.5], "texture": "#0"}
			}
		},
		{
			"from": [7.72892, 10.08511, 11.52921],
			"to": [8.26892, 10.62511, 12.42921],
			"rotation": {"angle": -45, "axis": "x", "origin": [7.99892, 11.42011, 7.85421]},
			"faces": {
				"north": {"uv": [3, 7, 3.5, 7.5], "texture": "#0"},
				"east": {"uv": [3.5, 7, 4, 7.5], "texture": "#0"},
				"south": {"uv": [4, 7, 4.5, 7.5], "texture": "#0"},
				"west": {"uv": [4.5, 7, 5, 7.5], "texture": "#0"},
				"up": {"uv": [5.5, 7.5, 5, 7], "texture": "#0"},
				"down": {"uv": [6, 7, 5.5, 7.5], "texture": "#0"}
			}
		},
		{
			"from": [7.09892, 10.40331, 9.62939],
			"to": [8.89892, 11.75331, 12.32939],
			"rotation": {"angle": -22.5, "axis": "x", "origin": [7.99892, 11.73831, 11.35439]},
			"faces": {
				"north": {"uv": [6, 7, 6.5, 7.5], "texture": "#0"},
				"east": {"uv": [6.5, 7, 7, 7.5], "texture": "#0"},
				"south": {"uv": [7, 7, 7.5, 7.5], "texture": "#0"},
				"west": {"uv": [7, 0, 7.5, 0.5], "texture": "#0"},
				"up": {"uv": [7.5, 1, 7, 0.5], "texture": "#0"},
				"down": {"uv": [7.5, 1, 7, 1.5], "texture": "#0"}
			}
		},
		{
			"from": [7.54892, 10.40331, 12.32939],
			"to": [8.44892, 11.30331, 13.67939],
			"rotation": {"angle": -22.5, "axis": "x", "origin": [7.99892, 11.73831, 11.35439]},
			"faces": {
				"north": {"uv": [7, 1.5, 7.5, 2], "texture": "#0"},
				"east": {"uv": [7, 2, 7.5, 2.5], "texture": "#0"},
				"south": {"uv": [7, 2.5, 7.5, 3], "texture": "#0"},
				"west": {"uv": [7, 3, 7.5, 3.5], "texture": "#0"},
				"up": {"uv": [7.5, 4, 7, 3.5], "texture": "#0"},
				"down": {"uv": [7.5, 4, 7, 4.5], "texture": "#0"}
			}
		},
		{
			"from": [7.72892, 10.40331, 13.67939],
			"to": [8.26892, 10.94331, 14.57939],
			"rotation": {"angle": -22.5, "axis": "x", "origin": [7.99892, 11.73831, 11.35439]},
			"faces": {
				"north": {"uv": [7, 4.5, 7.5, 5], "texture": "#0"},
				"east": {"uv": [7, 5, 7.5, 5.5], "texture": "#0"},
				"south": {"uv": [7, 5.5, 7.5, 6], "texture": "#0"},
				"west": {"uv": [7, 6, 7.5, 6.5], "texture": "#0"},
				"up": {"uv": [7.5, 7, 7, 6.5], "texture": "#0"},
				"down": {"uv": [0.5, 7.5, 0, 8], "texture": "#0"}
			}
		},
		{
			"from": [3.31892, 7.18515, 4.38006],
			"to": [4.66892, 8.53515, 6.63006],
			"rotation": {"angle": -45, "axis": "y", "origin": [3.85892, 8.44515, 8.52006]},
			"faces": {
				"north": {"uv": [0.5, 7.5, 1, 8], "texture": "#0"},
				"east": {"uv": [1, 7.5, 1.5, 8], "texture": "#0"},
				"south": {"uv": [1.5, 7.5, 2, 8], "texture": "#0"},
				"west": {"uv": [2, 7.5, 2.5, 8], "texture": "#0"},
				"up": {"uv": [3, 8, 2.5, 7.5], "texture": "#0"},
				"down": {"uv": [3.5, 7.5, 3, 8], "texture": "#0"}
			}
		},
		{
			"from": [3.31892, 7.63515, 6.63006],
			"to": [4.21892, 8.53515, 7.98006],
			"rotation": {"angle": -45, "axis": "y", "origin": [3.85892, 8.44515, 8.52006]},
			"faces": {
				"north": {"uv": [3.5, 7.5, 4, 8], "texture": "#0"},
				"east": {"uv": [4, 7.5, 4.5, 8], "texture": "#0"},
				"south": {"uv": [4.5, 7.5, 5, 8], "texture": "#0"},
				"west": {"uv": [5, 7.5, 5.5, 8], "texture": "#0"},
				"up": {"uv": [6, 8, 5.5, 7.5], "texture": "#0"},
				"down": {"uv": [6.5, 7.5, 6, 8], "texture": "#0"}
			}
		},
		{
			"from": [3.31892, 8.08515, 7.98006],
			"to": [3.76892, 8.53515, 8.88006],
			"rotation": {"angle": -45, "axis": "y", "origin": [3.85892, 8.44515, 8.52006]},
			"faces": {
				"north": {"uv": [6.5, 7.5, 7, 8], "texture": "#0"},
				"east": {"uv": [7, 7.5, 7.5, 8], "texture": "#0"},
				"south": {"uv": [7.5, 7.5, 8, 8], "texture": "#0"},
				"west": {"uv": [7.5, 0, 8, 0.5], "texture": "#0"},
				"up": {"uv": [8, 1, 7.5, 0.5], "texture": "#0"},
				"down": {"uv": [8, 1, 7.5, 1.5], "texture": "#0"}
			}
		},
		{
			"from": [4.52806, 7.72515, 8.43295],
			"to": [6.77806, 9.07515, 9.78295],
			"rotation": {"angle": 22.5, "axis": "y", "origin": [5.42806, 8.62515, 10.68295]},
			"faces": {
				"north": {"uv": [7.5, 1.5, 8, 2], "texture": "#0"},
				"east": {"uv": [7.5, 2, 8, 2.5], "texture": "#0"},
				"south": {"uv": [7.5, 2.5, 8, 3], "texture": "#0"},
				"west": {"uv": [7.5, 3, 8, 3.5], "texture": "#0"},
				"up": {"uv": [8, 4, 7.5, 3.5], "texture": "#0"},
				"down": {"uv": [8, 4, 7.5, 4.5], "texture": "#0"}
			}
		},
		{
			"from": [3.17806, 8.17515, 8.43295],
			"to": [4.52806, 9.07515, 9.33295],
			"rotation": {"angle": 22.5, "axis": "y", "origin": [5.42806, 8.62515, 10.68295]},
			"faces": {
				"north": {"uv": [7.5, 4.5, 8, 5], "texture": "#0"},
				"east": {"uv": [7.5, 5, 8, 5.5], "texture": "#0"},
				"south": {"uv": [7.5, 5.5, 8, 6], "texture": "#0"},
				"west": {"uv": [7.5, 6, 8, 6.5], "texture": "#0"},
				"up": {"uv": [8, 7, 7.5, 6.5], "texture": "#0"},
				"down": {"uv": [8, 7, 7.5, 7.5], "texture": "#0"}
			}
		},
		{
			"from": [2.27806, 8.62515, 8.43295],
			"to": [3.17806, 9.07515, 8.88295],
			"rotation": {"angle": 22.5, "axis": "y", "origin": [5.42806, 8.62515, 10.68295]},
			"faces": {
				"north": {"uv": [0, 8, 0.5, 8.5], "texture": "#0"},
				"east": {"uv": [0.5, 8, 1, 8.5], "texture": "#0"},
				"south": {"uv": [1, 8, 1.5, 8.5], "texture": "#0"},
				"west": {"uv": [1.5, 8, 2, 8.5], "texture": "#0"},
				"up": {"uv": [2.5, 8.5, 2, 8], "texture": "#0"},
				"down": {"uv": [3, 8, 2.5, 8.5], "texture": "#0"}
			}
		},
		{
			"from": [4.30936, 8.80515, 6.32092],
			"to": [5.65936, 10.15515, 7.67092],
			"rotation": {"angle": 45, "axis": "y", "origin": [5.65936, 8.17515, 5.42092]},
			"faces": {
				"north": {"uv": [3, 8, 3.5, 8.5], "texture": "#0"},
				"east": {"uv": [3.5, 8, 4, 8.5], "texture": "#0"},
				"south": {"uv": [4, 8, 4.5, 8.5], "texture": "#0"},
				"west": {"uv": [4.5, 8, 5, 8.5], "texture": "#0"},
				"up": {"uv": [5.5, 8.5, 5, 8], "texture": "#0"},
				"down": {"uv": [6, 8, 5.5, 8.5], "texture": "#0"}
			}
		},
		{
			"from": [2.95936, 9.25515, 6.32092],
			"to": [4.30936, 10.15515, 7.22092],
			"rotation": {"angle": 45, "axis": "y", "origin": [5.65936, 8.17515, 5.42092]},
			"faces": {
				"north": {"uv": [6, 8, 6.5, 8.5], "texture": "#0"},
				"east": {"uv": [6.5, 8, 7, 8.5], "texture": "#0"},
				"south": {"uv": [7, 8, 7.5, 8.5], "texture": "#0"},
				"west": {"uv": [7.5, 8, 8, 8.5], "texture": "#0"},
				"up": {"uv": [8.5, 8.5, 8, 8], "texture": "#0"},
				"down": {"uv": [8.5, 0, 8, 0.5], "texture": "#0"}
			}
		},
		{
			"from": [2.05936, 9.70515, 6.32092],
			"to": [2.95936, 10.15515, 6.77092],
			"rotation": {"angle": 45, "axis": "y", "origin": [5.65936, 8.17515, 5.42092]},
			"faces": {
				"north": {"uv": [8, 0.5, 8.5, 1], "texture": "#0"},
				"east": {"uv": [8, 1, 8.5, 1.5], "texture": "#0"},
				"south": {"uv": [8, 1.5, 8.5, 2], "texture": "#0"},
				"west": {"uv": [8, 2, 8.5, 2.5], "texture": "#0"},
				"up": {"uv": [8.5, 3, 8, 2.5], "texture": "#0"},
				"down": {"uv": [8.5, 3, 8, 3.5], "texture": "#0"}
			}
		},
		{
			"from": [2.50936, 8.80515, 8.12092],
			"to": [3.85936, 10.15515, 9.47092],
			"rotation": {"angle": 45, "axis": "y", "origin": [5.65936, 8.17515, 5.42092]},
			"faces": {
				"north": {"uv": [8, 3.5, 8.5, 4], "texture": "#0"},
				"east": {"uv": [8, 4, 8.5, 4.5], "texture": "#0"},
				"south": {"uv": [8, 4.5, 8.5, 5], "texture": "#0"},
				"west": {"uv": [8, 5, 8.5, 5.5], "texture": "#0"},
				"up": {"uv": [8.5, 6, 8, 5.5], "texture": "#0"},
				"down": {"uv": [8.5, 6, 8, 6.5], "texture": "#0"}
			}
		},
		{
			"from": [1.15936, 9.25515, 8.12092],
			"to": [2.50936, 10.15515, 9.02092],
			"rotation": {"angle": 45, "axis": "y", "origin": [5.65936, 8.17515, 5.42092]},
			"faces": {
				"north": {"uv": [8, 6.5, 8.5, 7], "texture": "#0"},
				"east": {"uv": [8, 7, 8.5, 7.5], "texture": "#0"},
				"south": {"uv": [8, 7.5, 8.5, 8], "texture": "#0"},
				"west": {"uv": [0, 8.5, 0.5, 9], "texture": "#0"},
				"up": {"uv": [1, 9, 0.5, 8.5], "texture": "#0"},
				"down": {"uv": [1.5, 8.5, 1, 9], "texture": "#0"}
			}
		},
		{
			"from": [0.25936, 9.70515, 8.12092],
			"to": [1.15936, 10.15515, 8.57092],
			"rotation": {"angle": 45, "axis": "y", "origin": [5.65936, 8.17515, 5.42092]},
			"faces": {
				"north": {"uv": [1.5, 8.5, 2, 9], "texture": "#0"},
				"east": {"uv": [2, 8.5, 2.5, 9], "texture": "#0"},
				"south": {"uv": [2.5, 8.5, 3, 9], "texture": "#0"},
				"west": {"uv": [3, 8.5, 3.5, 9], "texture": "#0"},
				"up": {"uv": [4, 9, 3.5, 8.5], "texture": "#0"},
				"down": {"uv": [4.5, 8.5, 4, 9], "texture": "#0"}
			}
		},
		{
			"from": [5.38892, 6.37515, 10.50006],
			"to": [6.01892, 8.17515, 12.30006],
			"rotation": {"angle": -22.5, "axis": "x", "origin": [5.54642, 4.3389, 8.68881]},
			"faces": {
				"north": {"uv": [4.5, 8.5, 5, 9], "texture": "#0"},
				"east": {"uv": [5, 8.5, 5.5, 9], "texture": "#0"},
				"south": {"uv": [5.5, 8.5, 6, 9], "texture": "#0"},
				"west": {"uv": [6, 8.5, 6.5, 9], "texture": "#0"},
				"up": {"uv": [7, 9, 6.5, 8.5], "texture": "#0"},
				"down": {"uv": [7.5, 8.5, 7, 9], "texture": "#0"}
			}
		},
		{
			"from": [5.20892, 4.48515, 10.50006],
			"to": [6.01892, 6.37515, 12.30006],
			"rotation": {"angle": -22.5, "axis": "x", "origin": [5.54642, 4.3389, 8.68881]},
			"faces": {
				"north": {"uv": [7.5, 8.5, 8, 9], "texture": "#0"},
				"east": {"uv": [8, 8.5, 8.5, 9], "texture": "#0"},
				"south": {"uv": [8.5, 8.5, 9, 9], "texture": "#0"},
				"west": {"uv": [8.5, 0, 9, 0.5], "texture": "#0"},
				"up": {"uv": [9, 1, 8.5, 0.5], "texture": "#0"},
				"down": {"uv": [9, 1, 8.5, 1.5], "texture": "#0"}
			}
		},
		{
			"from": [5.02892, 3.58515, 9.15006],
			"to": [6.01892, 6.28515, 10.50006],
			"rotation": {"angle": -22.5, "axis": "x", "origin": [5.54642, 4.3389, 8.68881]},
			"faces": {
				"north": {"uv": [8.5, 1.5, 9, 2], "texture": "#0"},
				"east": {"uv": [8.5, 2, 9, 2.5], "texture": "#0"},
				"south": {"uv": [8.5, 2.5, 9, 3], "texture": "#0"},
				"west": {"uv": [8.5, 3, 9, 3.5], "texture": "#0"},
				"up": {"uv": [9, 4, 8.5, 3.5], "texture": "#0"},
				"down": {"uv": [9, 4, 8.5, 4.5], "texture": "#0"}
			}
		},
		{
			"from": [5.29892, 5.20515, 8.25006],
			"to": [5.74892, 5.65515, 9.60006],
			"rotation": {"angle": -22.5, "axis": "x", "origin": [5.54642, 4.3389, 8.68881]},
			"faces": {
				"north": {"uv": [8.5, 4.5, 9, 5], "texture": "#0"},
				"east": {"uv": [8.5, 5, 9, 5.5], "texture": "#0"},
				"south": {"uv": [8.5, 5.5, 9, 6], "texture": "#0"},
				"west": {"uv": [8.5, 6, 9, 6.5], "texture": "#0"},
				"up": {"uv": [9, 7, 8.5, 6.5], "texture": "#0"},
				"down": {"uv": [9, 7, 8.5, 7.5], "texture": "#0"}
			}
		},
		{
			"from": [5.29892, 4.03515, 8.25006],
			"to": [5.74892, 4.48515, 9.60006],
			"rotation": {"angle": -22.5, "axis": "x", "origin": [5.54642, 4.3389, 8.68881]},
			"faces": {
				"north": {"uv": [8.5, 7.5, 9, 8], "texture": "#0"},
				"east": {"uv": [8.5, 8, 9, 8.5], "texture": "#0"},
				"south": {"uv": [0, 9, 0.5, 9.5], "texture": "#0"},
				"west": {"uv": [0.5, 9, 1, 9.5], "texture": "#0"},
				"up": {"uv": [1.5, 9.5, 1, 9], "texture": "#0"},
				"down": {"uv": [2, 9, 1.5, 9.5], "texture": "#0"}
			}
		},
		{
			"from": [11.32892, 7.18515, 4.38006],
			"to": [12.67892, 8.53515, 6.63006],
			"rotation": {"angle": 45, "axis": "y", "origin": [12.13892, 8.44515, 8.52006]},
			"faces": {
				"north": {"uv": [2, 9, 2.5, 9.5], "texture": "#0"},
				"east": {"uv": [2.5, 9, 3, 9.5], "texture": "#0"},
				"south": {"uv": [3, 9, 3.5, 9.5], "texture": "#0"},
				"west": {"uv": [3.5, 9, 4, 9.5], "texture": "#0"},
				"up": {"uv": [4.5, 9.5, 4, 9], "texture": "#0"},
				"down": {"uv": [5, 9, 4.5, 9.5], "texture": "#0"}
			}
		},
		{
			"from": [11.77892, 7.63515, 6.63006],
			"to": [12.67892, 8.53515, 7.98006],
			"rotation": {"angle": 45, "axis": "y", "origin": [12.13892, 8.44515, 8.52006]},
			"faces": {
				"north": {"uv": [5, 9, 5.5, 9.5], "texture": "#0"},
				"east": {"uv": [5.5, 9, 6, 9.5], "texture": "#0"},
				"south": {"uv": [6, 9, 6.5, 9.5], "texture": "#0"},
				"west": {"uv": [6.5, 9, 7, 9.5], "texture": "#0"},
				"up": {"uv": [7.5, 9.5, 7, 9], "texture": "#0"},
				"down": {"uv": [8, 9, 7.5, 9.5], "texture": "#0"}
			}
		},
		{
			"from": [12.22892, 8.08515, 7.98006],
			"to": [12.67892, 8.53515, 8.88006],
			"rotation": {"angle": 45, "axis": "y", "origin": [12.13892, 8.44515, 8.52006]},
			"faces": {
				"north": {"uv": [8, 9, 8.5, 9.5], "texture": "#0"},
				"east": {"uv": [8.5, 9, 9, 9.5], "texture": "#0"},
				"south": {"uv": [9, 9, 9.5, 9.5], "texture": "#0"},
				"west": {"uv": [9, 0, 9.5, 0.5], "texture": "#0"},
				"up": {"uv": [9.5, 1, 9, 0.5], "texture": "#0"},
				"down": {"uv": [9.5, 1, 9, 1.5], "texture": "#0"}
			}
		},
		{
			"from": [9.21977, 7.72515, 8.43295],
			"to": [11.46977, 9.07515, 9.78295],
			"rotation": {"angle": -22.5, "axis": "y", "origin": [10.56977, 8.62515, 10.68295]},
			"faces": {
				"north": {"uv": [9, 1.5, 9.5, 2], "texture": "#0"},
				"east": {"uv": [9, 2, 9.5, 2.5], "texture": "#0"},
				"south": {"uv": [9, 2.5, 9.5, 3], "texture": "#0"},
				"west": {"uv": [9, 3, 9.5, 3.5], "texture": "#0"},
				"up": {"uv": [9.5, 4, 9, 3.5], "texture": "#0"},
				"down": {"uv": [9.5, 4, 9, 4.5], "texture": "#0"}
			}
		},
		{
			"from": [11.46977, 8.17515, 8.43295],
			"to": [12.81977, 9.07515, 9.33295],
			"rotation": {"angle": -22.5, "axis": "y", "origin": [10.56977, 8.62515, 10.68295]},
			"faces": {
				"north": {"uv": [9, 4.5, 9.5, 5], "texture": "#0"},
				"east": {"uv": [9, 5, 9.5, 5.5], "texture": "#0"},
				"south": {"uv": [9, 5.5, 9.5, 6], "texture": "#0"},
				"west": {"uv": [9, 6, 9.5, 6.5], "texture": "#0"},
				"up": {"uv": [9.5, 7, 9, 6.5], "texture": "#0"},
				"down": {"uv": [9.5, 7, 9, 7.5], "texture": "#0"}
			}
		},
		{
			"from": [12.81977, 8.62515, 8.43295],
			"to": [13.71977, 9.07515, 8.88295],
			"rotation": {"angle": -22.5, "axis": "y", "origin": [10.56977, 8.62515, 10.68295]},
			"faces": {
				"north": {"uv": [9, 7.5, 9.5, 8], "texture": "#0"},
				"east": {"uv": [9, 8, 9.5, 8.5], "texture": "#0"},
				"south": {"uv": [9, 8.5, 9.5, 9], "texture": "#0"},
				"west": {"uv": [0, 9.5, 0.5, 10], "texture": "#0"},
				"up": {"uv": [1, 10, 0.5, 9.5], "texture": "#0"},
				"down": {"uv": [1.5, 9.5, 1, 10], "texture": "#0"}
			}
		},
		{
			"from": [10.33847, 8.80515, 6.32092],
			"to": [11.68847, 10.15515, 7.67092],
			"rotation": {"angle": -45, "axis": "y", "origin": [10.33847, 8.17515, 5.42092]},
			"faces": {
				"north": {"uv": [1.5, 9.5, 2, 10], "texture": "#0"},
				"east": {"uv": [2, 9.5, 2.5, 10], "texture": "#0"},
				"south": {"uv": [2.5, 9.5, 3, 10], "texture": "#0"},
				"west": {"uv": [3, 9.5, 3.5, 10], "texture": "#0"},
				"up": {"uv": [4, 10, 3.5, 9.5], "texture": "#0"},
				"down": {"uv": [4.5, 9.5, 4, 10], "texture": "#0"}
			}
		},
		{
			"from": [11.68847, 9.25515, 6.32092],
			"to": [13.03847, 10.15515, 7.22092],
			"rotation": {"angle": -45, "axis": "y", "origin": [10.33847, 8.17515, 5.42092]},
			"faces": {
				"north": {"uv": [4.5, 9.5, 5, 10], "texture": "#0"},
				"east": {"uv": [5, 9.5, 5.5, 10], "texture": "#0"},
				"south": {"uv": [5.5, 9.5, 6, 10], "texture": "#0"},
				"west": {"uv": [6, 9.5, 6.5, 10], "texture": "#0"},
				"up": {"uv": [7, 10, 6.5, 9.5], "texture": "#0"},
				"down": {"uv": [7.5, 9.5, 7, 10], "texture": "#0"}
			}
		},
		{
			"from": [13.03847, 9.70515, 6.32092],
			"to": [13.93847, 10.15515, 6.77092],
			"rotation": {"angle": -45, "axis": "y", "origin": [10.33847, 8.17515, 5.42092]},
			"faces": {
				"north": {"uv": [7.5, 9.5, 8, 10], "texture": "#0"},
				"east": {"uv": [8, 9.5, 8.5, 10], "texture": "#0"},
				"south": {"uv": [8.5, 9.5, 9, 10], "texture": "#0"},
				"west": {"uv": [9, 9.5, 9.5, 10], "texture": "#0"},
				"up": {"uv": [10, 10, 9.5, 9.5], "texture": "#0"},
				"down": {"uv": [10, 0, 9.5, 0.5], "texture": "#0"}
			}
		},
		{
			"from": [12.13847, 8.80515, 8.12092],
			"to": [13.48847, 10.15515, 9.47092],
			"rotation": {"angle": -45, "axis": "y", "origin": [10.33847, 8.17515, 5.42092]},
			"faces": {
				"north": {"uv": [9.5, 0.5, 10, 1], "texture": "#0"},
				"east": {"uv": [9.5, 1, 10, 1.5], "texture": "#0"},
				"south": {"uv": [9.5, 1.5, 10, 2], "texture": "#0"},
				"west": {"uv": [9.5, 2, 10, 2.5], "texture": "#0"},
				"up": {"uv": [10, 3, 9.5, 2.5], "texture": "#0"},
				"down": {"uv": [10, 3, 9.5, 3.5], "texture": "#0"}
			}
		},
		{
			"from": [13.48847, 9.25515, 8.12092],
			"to": [14.83847, 10.15515, 9.02092],
			"rotation": {"angle": -45, "axis": "y", "origin": [10.33847, 8.17515, 5.42092]},
			"faces": {
				"north": {"uv": [9.5, 3.5, 10, 4], "texture": "#0"},
				"east": {"uv": [9.5, 4, 10, 4.5], "texture": "#0"},
				"south": {"uv": [9.5, 4.5, 10, 5], "texture": "#0"},
				"west": {"uv": [9.5, 5, 10, 5.5], "texture": "#0"},
				"up": {"uv": [10, 6, 9.5, 5.5], "texture": "#0"},
				"down": {"uv": [10, 6, 9.5, 6.5], "texture": "#0"}
			}
		},
		{
			"from": [14.83847, 9.70515, 8.12092],
			"to": [15.73847, 10.15515, 8.57092],
			"rotation": {"angle": -45, "axis": "y", "origin": [10.33847, 8.17515, 5.42092]},
			"faces": {
				"north": {"uv": [9.5, 6.5, 10, 7], "texture": "#0"},
				"east": {"uv": [9.5, 7, 10, 7.5], "texture": "#0"},
				"south": {"uv": [9.5, 7.5, 10, 8], "texture": "#0"},
				"west": {"uv": [9.5, 8, 10, 8.5], "texture": "#0"},
				"up": {"uv": [10, 9, 9.5, 8.5], "texture": "#0"},
				"down": {"uv": [10, 9, 9.5, 9.5], "texture": "#0"}
			}
		},
		{
			"from": [9.97892, 6.37515, 10.50006],
			"to": [10.60892, 8.17515, 12.30006],
			"rotation": {"angle": -22.5, "axis": "x", "origin": [10.45142, 4.3389, 8.68881]},
			"faces": {
				"north": {"uv": [0, 10, 0.5, 10.5], "texture": "#0"},
				"east": {"uv": [0.5, 10, 1, 10.5], "texture": "#0"},
				"south": {"uv": [1, 10, 1.5, 10.5], "texture": "#0"},
				"west": {"uv": [1.5, 10, 2, 10.5], "texture": "#0"},
				"up": {"uv": [2.5, 10.5, 2, 10], "texture": "#0"},
				"down": {"uv": [3, 10, 2.5, 10.5], "texture": "#0"}
			}
		},
		{
			"from": [9.97892, 4.48515, 10.50006],
			"to": [10.78892, 6.37515, 12.30006],
			"rotation": {"angle": -22.5, "axis": "x", "origin": [10.45142, 4.3389, 8.68881]},
			"faces": {
				"north": {"uv": [3, 10, 3.5, 10.5], "texture": "#0"},
				"east": {"uv": [3.5, 10, 4, 10.5], "texture": "#0"},
				"south": {"uv": [4, 10, 4.5, 10.5], "texture": "#0"},
				"west": {"uv": [4.5, 10, 5, 10.5], "texture": "#0"},
				"up": {"uv": [5.5, 10.5, 5, 10], "texture": "#0"},
				"down": {"uv": [6, 10, 5.5, 10.5], "texture": "#0"}
			}
		},
		{
			"from": [9.97892, 3.58515, 9.15006],
			"to": [10.96892, 6.28515, 10.50006],
			"rotation": {"angle": -22.5, "axis": "x", "origin": [10.45142, 4.3389, 8.68881]},
			"faces": {
				"north": {"uv": [6, 10, 6.5, 10.5], "texture": "#0"},
				"east": {"uv": [6.5, 10, 7, 10.5], "texture": "#0"},
				"south": {"uv": [7, 10, 7.5, 10.5], "texture": "#0"},
				"west": {"uv": [7.5, 10, 8, 10.5], "texture": "#0"},
				"up": {"uv": [8.5, 10.5, 8, 10], "texture": "#0"},
				"down": {"uv": [9, 10, 8.5, 10.5], "texture": "#0"}
			}
		},
		{
			"from": [10.24892, 5.20515, 8.25006],
			"to": [10.69892, 5.65515, 9.60006],
			"rotation": {"angle": -22.5, "axis": "x", "origin": [10.45142, 4.3389, 8.68881]},
			"faces": {
				"north": {"uv": [9, 10, 9.5, 10.5], "texture": "#0"},
				"east": {"uv": [9.5, 10, 10, 10.5], "texture": "#0"},
				"south": {"uv": [10, 10, 10.5, 10.5], "texture": "#0"},
				"west": {"uv": [10, 0, 10.5, 0.5], "texture": "#0"},
				"up": {"uv": [10.5, 1, 10, 0.5], "texture": "#0"},
				"down": {"uv": [10.5, 1, 10, 1.5], "texture": "#0"}
			}
		},
		{
			"from": [10.24892, 4.03515, 8.25006],
			"to": [10.69892, 4.48515, 9.60006],
			"rotation": {"angle": -22.5, "axis": "x", "origin": [10.45142, 4.3389, 8.68881]},
			"faces": {
				"north": {"uv": [10, 1.5, 10.5, 2], "texture": "#0"},
				"east": {"uv": [10, 2, 10.5, 2.5], "texture": "#0"},
				"south": {"uv": [10, 2.5, 10.5, 3], "texture": "#0"},
				"west": {"uv": [10, 3, 10.5, 3.5], "texture": "#0"},
				"up": {"uv": [10.5, 4, 10, 3.5], "texture": "#0"},
				"down": {"uv": [10.5, 4, 10, 4.5], "texture": "#0"}
			}
		},
		{
			"from": [6.28892, 8.80515, 4.65006],
			"to": [9.70892, 9.12015, 6.00006],
			"rotation": {"angle": -22.5, "axis": "x", "origin": [7.99892, 8.94015, 5.32506]},
			"faces": {
				"north": {"uv": [0.25, 3.5, 0.5, 4], "texture": "#0"},
				"east": {"uv": [0.25, 3.5, 0.5, 4], "texture": "#0"},
				"south": {"uv": [0.25, 3.5, 0.5, 4], "texture": "#0"},
				"west": {"uv": [0.25, 3.5, 0.5, 4], "texture": "#0"},
				"up": {"uv": [0.25, 3.5, 0.5, 4], "texture": "#0"},
				"down": {"uv": [0.25, 3.5, 0.5, 4], "texture": "#0"}
			}
		},
		{
			"from": [6.33392, 8.44515, 5.01006],
			"to": [9.66392, 8.98515, 6.09006],
			"rotation": {"angle": 0, "axis": "y", "origin": [10.69892, 11.14515, 11.94006]},
			"faces": {
				"north": {"uv": [11, 4.25, 11.25, 4.5], "texture": "#0"},
				"east": {"uv": [10.75, 4.25, 11.25, 4.5], "texture": "#0"},
				"south": {"uv": [10.5, 3.75, 10.75, 4.25], "texture": "#0"},
				"west": {"uv": [10.75, 4.25, 11.25, 4.5], "rotation": 180, "texture": "#0"},
				"up": {"uv": [10.5, 3.5, 10.75, 4], "texture": "#0"},
				"down": {"uv": [10.75, 4.25, 11.25, 4.5], "rotation": 180, "texture": "#0"}
			}
		},
		{
			"from": [6.73892, 6.91515, 4.78506],
			"to": [9.25892, 7.18515, 8.52006],
			"rotation": {"angle": 0, "axis": "y", "origin": [10.69892, 9.61515, 10.77006]},
			"faces": {
				"east": {"uv": [0, 11.75, 3.25, 12], "texture": "#0"},
				"west": {"uv": [0, 11.75, 3.25, 12], "texture": "#0"}
			}
		},
		{
			"from": [9.25892, 6.91515, 4.78506],
			"to": [6.73892, 7.18515, 8.52006],
			"rotation": {"angle": 0, "axis": "y", "origin": [13.21892, 9.61515, 10.77006]},
			"faces": {
				"east": {"uv": [0, 11.75, 3.25, 12], "texture": "#0"},
				"west": {"uv": [0, 11.75, 3.25, 12], "texture": "#0"}
			}
		},
		{
			"from": [6.91892, 6.91515, 3.12006],
			"to": [9.07892, 7.18515, 4.47006],
			"rotation": {"angle": 0, "axis": "y", "origin": [10.69892, 9.61515, 6.72006]},
			"faces": {
				"north": {"uv": [0.25, 11.75, 2.5, 12], "texture": "#0"},
				"east": {"uv": [0, 11.75, 1.25, 12], "texture": "#0"},
				"west": {"uv": [0, 11.75, 1.25, 12], "texture": "#0"}
			}
		},
		{
			"from": [9.07892, 6.91515, 3.12006],
			"to": [6.91892, 7.18515, 4.47006],
			"rotation": {"angle": 0, "axis": "y", "origin": [12.85892, 9.61515, 6.72006]},
			"faces": {
				"north": {"uv": [0.25, 11.75, 2.5, 12], "texture": "#0"},
				"east": {"uv": [0, 11.75, 1.25, 12], "texture": "#0"},
				"west": {"uv": [0, 11.75, 1.25, 12], "texture": "#0"}
			}
		}
	],
	"display": {
		"head": {
			"translation": [0, -9.25, -9.25],
			"scale": [4, 4, 4]
		}
	},
	"groups": [
		{
			"name": "root",
			"origin": [8, 8, 8],
			"children": [
				{
					"name": "head",
					"origin": [8, 8, 8],
					"children": [
						{
							"name": "upper",
							"origin": [8, 8, 8],
							"children": [0, 1, 2, 3, 4, 5, 6, 7,
								{
									"name": "horn_center",
									"origin": [8, 8, 8],
									"children": [
										{
											"name": "group",
											"origin": [8, 8, 8],
											"children": [8, 9, 10, 11]
										},
										{
											"name": "group",
											"origin": [8, 8, 8],
											"children": [12, 13, 14]
										},
										{
											"name": "group",
											"origin": [8, 8, 8],
											"children": [15, 16, 17]
										},
										{
											"name": "group",
											"origin": [8, 8, 8],
											"children": [18, 19, 20]
										}
									]
								},
								{
									"name": "horn_l",
									"origin": [8, 8, 8],
									"children": [
										{
											"name": "group",
											"origin": [9.5, 10.5, -1.5],
											"children": [21, 22, 23]
										},
										{
											"name": "group",
											"origin": [9.5, 10.5, -1.5],
											"children": [24, 25, 26]
										},
										{
											"name": "group",
											"origin": [9.5, 10.5, -1.5],
											"children": [27, 28, 29]
										},
										{
											"name": "group",
											"origin": [9.5, 10.5, -1.5],
											"children": [30, 31, 32]
										},
										{
											"name": "group",
											"origin": [8, 8, 8],
											"children": [33, 34, 35, 36, 37]
										}
									]
								},
								{
									"name": "horn_r",
									"origin": [8, 8, 8],
									"children": [
										{
											"name": "group",
											"origin": [9.5, 10.5, -1.5],
											"children": [38, 39, 40]
										},
										{
											"name": "group",
											"origin": [9.5, 10.5, -1.5],
											"children": [41, 42, 43]
										},
										{
											"name": "group",
											"origin": [9.5, 10.5, -1.5],
											"children": [44, 45, 46]
										},
										{
											"name": "group",
											"origin": [9.5, 10.5, -1.5],
											"children": [47, 48, 49]
										},
										{
											"name": "group",
											"origin": [8, 8, 8],
											"children": [50, 51, 52, 53, 54]
										}
									]
								}, 55, 56,
								{
									"name": "tooth",
									"origin": [9.5, 9.1, -12.25],
									"children": [57, 58, 59, 60]
								}
							]
						}
					]
				}
			]
		}
	]
}