{
	"credit": "Made with Blockbench",
	"texture_size": [32, 32],
	"textures": {
		"0": "reus/head",
		"particle": "reus/head"
	},
	"elements": [
		{
			"from": [5.74892, 5.38039, 7.18068],
			"to": [10.24892, 7.18039, 11.68068],
			"rotation": {"angle": 0, "axis": "y", "origin": [7.99892, 7.2717, 10.35202]},
			"faces": {
				"north": {"uv": [3.5, 4.5, 5, 5], "texture": "#0"},
				"east": {"uv": [4.5, 0, 6, 0.5], "texture": "#0"},
				"south": {"uv": [4.5, 0.5, 6, 1], "texture": "#0"},
				"west": {"uv": [4.5, 1.5, 6, 2], "texture": "#0"},
				"up": {"uv": [1.5, 1.5, 0, 0], "texture": "#0"},
				"down": {"uv": [1.5, 1.5, 0, 3], "texture": "#0"}
			}
		},
		{
			"from": [6.37892, 5.38039, 4.48068],
			"to": [9.61892, 7.18039, 7.18068],
			"rotation": {"angle": 0, "axis": "y", "origin": [7.99892, 7.2717, 10.35202]},
			"faces": {
				"north": {"uv": [5, 1, 6, 1.5], "texture": "#0"},
				"east": {"uv": [5, 2.5, 6, 3], "texture": "#0"},
				"south": {"uv": [5, 3, 6, 3.5], "texture": "#0"},
				"west": {"uv": [5, 4.5, 6, 5], "texture": "#0"},
				"up": {"uv": [4.5, 4.5, 3.5, 3.5], "texture": "#0"},
				"down": {"uv": [4.5, 0, 3.5, 1], "texture": "#0"}
			}
		},
		{
			"from": [6.64892, 5.83039, 2.68068],
			"to": [9.34892, 7.18039, 4.48068],
			"rotation": {"angle": 0, "axis": "y", "origin": [7.99892, 7.2717, 10.35202]},
			"faces": {
				"north": {"uv": [0, 5.5, 1, 6], "texture": "#0"},
				"east": {"uv": [10, 4.5, 10.5, 5], "texture": "#0"},
				"south": {"uv": [1, 5.5, 2, 6], "texture": "#0"},
				"west": {"uv": [10, 5, 10.5, 5.5], "texture": "#0"},
				"up": {"uv": [3, 6, 2, 5.5], "texture": "#0"},
				"down": {"uv": [4, 5.5, 3, 6], "texture": "#0"}
			}
		},
		{
			"from": [7.54892, 2.63897, 3.42147],
			"to": [8.44892, 3.98897, 4.77147],
			"rotation": {"angle": 22.5, "axis": "x", "origin": [7.99892, 7.2717, 10.35202]},
			"faces": {
				"north": {"uv": [10, 5.5, 10.5, 6], "texture": "#0"},
				"east": {"uv": [10, 6, 10.5, 6.5], "texture": "#0"},
				"south": {"uv": [10, 6.5, 10.5, 7], "texture": "#0"},
				"west": {"uv": [10, 7, 10.5, 7.5], "texture": "#0"},
				"up": {"uv": [10.5, 8, 10, 7.5], "texture": "#0"},
				"down": {"uv": [10.5, 8, 10, 8.5], "texture": "#0"}
			}
		},
		{
			"from": [7.72892, -0.25511, 5.80533],
			"to": [8.26892, 0.64489, 6.25533],
			"rotation": {"angle": 45, "axis": "x", "origin": [7.99892, 7.2717, 10.35202]},
			"faces": {
				"north": {"uv": [10, 8.5, 10.5, 9], "texture": "#0"},
				"east": {"uv": [10, 9, 10.5, 9.5], "texture": "#0"},
				"south": {"uv": [10, 9.5, 10.5, 10], "texture": "#0"},
				"west": {"uv": [0, 10.5, 0.5, 11], "texture": "#0"},
				"up": {"uv": [1, 11, 0.5, 10.5], "texture": "#0"},
				"down": {"uv": [1.5, 10.5, 1, 11], "texture": "#0"}
			}
		},
		{
			"from": [5.47892, 5.95988, 10.16946],
			"to": [5.92892, 7.75988, 12.41946],
			"rotation": {"angle": -22.5, "axis": "x", "origin": [7.99892, 7.2717, 10.35202]},
			"faces": {
				"north": {"uv": [4.5, 1.5, 6, 2], "texture": "#0"},
				"east": {"uv": [4.5, 1.5, 6, 2], "texture": "#0"},
				"south": {"uv": [4.5, 1.5, 6, 2], "texture": "#0"},
				"west": {"uv": [10.5, 0, 12.5, 1.5], "texture": "#0"},
				"up": {"uv": [4.5, 1.5, 6, 2], "texture": "#0"},
				"down": {"uv": [4.5, 1.5, 6, 2], "texture": "#0"}
			}
		},
		{
			"from": [5.47892, 7.03988, 13.31946],
			"to": [5.92892, 7.75988, 13.76946],
			"rotation": {"angle": -22.5, "axis": "x", "origin": [7.99892, 7.2717, 10.35202]},
			"faces": {
				"north": {"uv": [4.5, 1.5, 6, 2], "texture": "#0"},
				"east": {"uv": [4.5, 1.5, 6, 2], "texture": "#0"},
				"south": {"uv": [4.5, 1.5, 6, 2], "texture": "#0"},
				"west": {"uv": [4.5, 1.5, 6, 2], "texture": "#0"},
				"up": {"uv": [4.5, 1.5, 6, 2], "texture": "#0"},
				"down": {"uv": [4.5, 1.5, 6, 2], "texture": "#0"}
			}
		},
		{
			"from": [5.47892, 6.40988, 12.41946],
			"to": [5.92892, 7.75988, 13.31946],
			"rotation": {"angle": -22.5, "axis": "x", "origin": [7.99892, 7.2717, 10.35202]},
			"faces": {
				"north": {"uv": [4.5, 1.5, 6, 2], "texture": "#0"},
				"east": {"uv": [4.5, 1.5, 6, 2], "texture": "#0"},
				"south": {"uv": [4.5, 1.5, 6, 2], "texture": "#0"},
				"west": {"uv": [4.5, 1.5, 6, 2], "texture": "#0"},
				"up": {"uv": [4.5, 1.5, 6, 2], "texture": "#0"},
				"down": {"uv": [4.5, 1.5, 6, 2], "texture": "#0"}
			}
		},
		{
			"from": [10.06892, 5.95988, 10.16946],
			"to": [10.51892, 7.75988, 12.41946],
			"rotation": {"angle": -22.5, "axis": "x", "origin": [7.99892, 7.2717, 10.35202]},
			"faces": {
				"north": {"uv": [6, 1.5, 4.5, 2], "texture": "#0"},
				"east": {"uv": [12.5, 0, 10.5, 1.5], "texture": "#0"},
				"south": {"uv": [6, 1.5, 4.5, 2], "texture": "#0"},
				"west": {"uv": [6, 1.5, 4.5, 2], "texture": "#0"},
				"up": {"uv": [6, 1.5, 4.5, 2], "texture": "#0"},
				"down": {"uv": [6, 1.5, 4.5, 2], "texture": "#0"}
			}
		},
		{
			"from": [10.06892, 7.03988, 13.31946],
			"to": [10.51892, 7.75988, 13.76946],
			"rotation": {"angle": -22.5, "axis": "x", "origin": [7.99892, 7.2717, 10.35202]},
			"faces": {
				"north": {"uv": [6, 1.5, 4.5, 2], "texture": "#0"},
				"east": {"uv": [6, 1.5, 4.5, 2], "texture": "#0"},
				"south": {"uv": [6, 1.5, 4.5, 2], "texture": "#0"},
				"west": {"uv": [6, 1.5, 4.5, 2], "texture": "#0"},
				"up": {"uv": [6, 1.5, 4.5, 2], "texture": "#0"},
				"down": {"uv": [6, 1.5, 4.5, 2], "texture": "#0"}
			}
		},
		{
			"from": [10.06892, 6.40988, 12.41946],
			"to": [10.51892, 7.75988, 13.31946],
			"rotation": {"angle": -22.5, "axis": "x", "origin": [7.99892, 7.2717, 10.35202]},
			"faces": {
				"north": {"uv": [6, 1.5, 4.5, 2], "texture": "#0"},
				"east": {"uv": [6, 1.5, 4.5, 2], "texture": "#0"},
				"south": {"uv": [6, 1.5, 4.5, 2], "texture": "#0"},
				"west": {"uv": [6, 1.5, 4.5, 2], "texture": "#0"},
				"up": {"uv": [6, 1.5, 4.5, 2], "texture": "#0"},
				"down": {"uv": [6, 1.5, 4.5, 2], "texture": "#0"}
			}
		},
		{
			"from": [6.10892, 6.58219, 8.09509],
			"to": [6.19892, 8.92219, 10.34509],
			"rotation": {"angle": 0, "axis": "y", "origin": [7.99892, 7.2717, 10.35202]},
			"faces": {
				"north": {"uv": [8.5, 1.5, 9, 2], "texture": "#0"},
				"east": {"uv": [8.5, 2, 9, 2.5], "texture": "#0"},
				"south": {"uv": [8.5, 2.5, 9, 3], "texture": "#0"},
				"west": {"uv": [8.5, 3, 9, 3.5], "texture": "#0"},
				"up": {"uv": [9, 4, 8.5, 3.5], "texture": "#0"},
				"down": {"uv": [9, 4, 8.5, 4.5], "texture": "#0"}
			}
		},
		{
			"from": [9.79892, 6.58219, 8.09509],
			"to": [9.88892, 8.38219, 10.34509],
			"rotation": {"angle": 0, "axis": "y", "origin": [7.99892, 7.2717, 10.35202]},
			"faces": {
				"north": {"uv": [9, 1.5, 8.5, 2], "texture": "#0"},
				"east": {"uv": [9, 3, 8.5, 3.5], "texture": "#0"},
				"south": {"uv": [9, 2.5, 8.5, 3], "texture": "#0"},
				"west": {"uv": [9, 2, 8.5, 2.5], "texture": "#0"},
				"up": {"uv": [8.5, 4, 9, 3.5], "texture": "#0"},
				"down": {"uv": [8.5, 4, 9, 4.5], "texture": "#0"}
			}
		},
		{
			"from": [7.09892, 7.01585, 6.90611],
			"to": [8.89892, 7.64585, 11.40611],
			"rotation": {"angle": 0, "axis": "y", "origin": [7.99892, 7.2717, 10.35202]},
			"faces": {
				"north": {"uv": [1, 1.5, 0.25, 0], "texture": "#0"},
				"east": {"uv": [1, 1.5, 0.25, 0], "texture": "#0"},
				"south": {"uv": [1, 1.5, 0.25, 0], "texture": "#0"},
				"west": {"uv": [1, 1.5, 0.25, 0], "texture": "#0"},
				"up": {"uv": [1, 1.5, 0.25, 0], "texture": "#0"},
				"down": {"uv": [1, 1.5, 0.25, 0], "texture": "#0"}
			}
		},
		{
			"from": [7.27892, 5.7037, 5.90639],
			"to": [8.71892, 6.3337, 7.25639],
			"rotation": {"angle": 22.5, "axis": "x", "origin": [7.99892, 7.2717, 10.35202]},
			"faces": {
				"north": {"uv": [1, 1.5, 0.25, 0], "texture": "#0"},
				"east": {"uv": [1, 1.5, 0.25, 0], "texture": "#0"},
				"south": {"uv": [1, 1.5, 0.25, 0], "texture": "#0"},
				"west": {"uv": [1, 1.5, 0.25, 0], "texture": "#0"},
				"up": {"uv": [1, 1.5, 0.25, 0], "texture": "#0"},
				"down": {"uv": [1, 1.5, 0.25, 0], "texture": "#0"}
			}
		},
		{
			"from": [7.54892, 5.7037, 5.18639],
			"to": [8.44892, 6.3337, 5.90639],
			"rotation": {"angle": 22.5, "axis": "x", "origin": [7.99892, 7.2717, 10.35202]},
			"faces": {
				"north": {"uv": [1, 1.5, 0.25, 0], "texture": "#0"},
				"east": {"uv": [1, 1.5, 0.25, 0], "texture": "#0"},
				"south": {"uv": [1, 1.5, 0.25, 0], "texture": "#0"},
				"west": {"uv": [1, 1.5, 0.25, 0], "texture": "#0"},
				"up": {"uv": [1, 1.5, 0.25, 0], "texture": "#0"},
				"down": {"uv": [1, 1.5, 0.25, 0], "texture": "#0"}
			}
		},
		{
			"from": [7.09892, 7.09515, 3.48006],
			"to": [8.89892, 7.45515, 4.83006],
			"rotation": {"angle": 0, "axis": "y", "origin": [7.99892, 7.2717, 10.35202]},
			"faces": {
				"north": {"uv": [0.25, 11.75, 2.5, 12], "texture": "#0"},
				"east": {"uv": [0, 11.75, 1.25, 12], "texture": "#0"},
				"west": {"uv": [0, 11.75, 1.25, 12], "texture": "#0"}
			}
		},
		{
			"from": [8.89892, 7.09515, 3.48006],
			"to": [7.09892, 7.45515, 4.83006],
			"rotation": {"angle": 0, "axis": "y", "origin": [7.99892, 7.2717, 10.35202]},
			"faces": {
				"north": {"uv": [0.25, 11.75, 2.5, 12], "texture": "#0"},
				"east": {"uv": [0, 11.75, 1.25, 12], "texture": "#0"},
				"west": {"uv": [0, 11.75, 1.25, 12], "texture": "#0"}
			}
		},
		{
			"from": [6.91892, 7.09515, 5.10006],
			"to": [9.07892, 7.45515, 7.26006],
			"rotation": {"angle": 0, "axis": "y", "origin": [7.99892, 7.2717, 10.35202]},
			"faces": {
				"east": {"uv": [0, 11.75, 1.75, 12], "texture": "#0"},
				"west": {"uv": [0, 11.75, 1.75, 12], "texture": "#0"}
			}
		},
		{
			"from": [9.07892, 7.09515, 5.10006],
			"to": [6.91892, 7.45515, 7.26006],
			"rotation": {"angle": 0, "axis": "y", "origin": [7.99892, 7.2717, 10.35202]},
			"faces": {
				"east": {"uv": [0, 11.75, 1.75, 12], "texture": "#0"},
				"west": {"uv": [0, 11.75, 1.75, 12], "texture": "#0"}
			}
		},
		{
			"from": [6.46892, 7.09515, 7.53006],
			"to": [9.52892, 7.45515, 9.69006],
			"rotation": {"angle": 0, "axis": "y", "origin": [7.99892, 7.2717, 10.35202]},
			"faces": {
				"east": {"uv": [0, 11.75, 1.75, 12], "texture": "#0"},
				"west": {"uv": [0, 11.75, 1.75, 12], "texture": "#0"}
			}
		},
		{
			"from": [9.52892, 7.09515, 7.53006],
			"to": [6.46892, 7.45515, 9.69006],
			"rotation": {"angle": 0, "axis": "y", "origin": [7.99892, 7.2717, 10.35202]},
			"faces": {
				"east": {"uv": [0, 11.75, 1.75, 12], "texture": "#0"},
				"west": {"uv": [0, 11.75, 1.75, 12], "texture": "#0"}
			}
		}
	],
	"display": {
		"head": {
			"translation": [0, -0.5, -7.25],
			"scale": [4, 4, 4]
		}
	},
	"groups": [
		{
			"name": "root",
			"origin": [8, 8, 8],
			"children": [
				{
					"name": "head",
					"origin": [8, 8, 8],
					"children": [
						{
							"name": "lower",
							"origin": [8, 8, 8],
							"children": [0, 1, 2, 3, 4,
								{
									"name": "ear",
									"origin": [7.5, 9.25, -6.5],
									"children": [5, 6, 7]
								},
								{
									"name": "ear",
									"origin": [7.5, 9.25, -6.5],
									"children": [8, 9, 10]
								}, 11, 12, 13, 14, 15,
								{
									"name": "tooth",
									"origin": [9.5, 9.1, -12.25],
									"children": [16, 17, 18, 19, 20, 21]
								}
							]
						}
					]
				}
			]
		}
	]
}