{
	"credit": "Made with Blockbench",
	"texture_size": [32, 32],
	"textures": {
		"0": "reus/head",
		"particle": "reus/head"
	},
	"elements": [
		{
			"from": [6.66208, 12.23599, 14.50735],
			"to": [9.33792, 14.6018, 21.80715],
			"rotation": {"angle": 0, "axis": "y", "origin": [10.6454, 15.69138, -11.88354]},
			"faces": {
				"north": {"uv": [8.5, 1.75, 9.5, 3], "texture": "#0"},
				"east": {"uv": [8.5, 1.75, 9.5, 3], "texture": "#0"},
				"south": {"uv": [8.5, 1.75, 9.5, 3], "texture": "#0"},
				"west": {"uv": [8.5, 1.75, 9.5, 3], "texture": "#0"},
				"up": {"uv": [8.5, 1.75, 9.5, 3], "texture": "#0"},
				"down": {"uv": [8.5, 1.75, 9.5, 3], "texture": "#0"}
			}
		},
		{
			"from": [7.38208, 14.48599, 14.50735],
			"to": [8.61792, 15.0518, 20.00715],
			"rotation": {"angle": 0, "axis": "y", "origin": [10.6454, 15.69138, -11.88354]},
			"faces": {
				"north": {"uv": [9.5, 7.25, 10.5, 8.5], "texture": "#0"},
				"east": {"uv": [9.5, 7.25, 10.5, 8.5], "texture": "#0"},
				"south": {"uv": [9.5, 7.25, 10.5, 8.5], "texture": "#0"},
				"west": {"uv": [9.5, 7.25, 10.5, 8.5], "texture": "#0"},
				"up": {"uv": [9.5, 7.25, 10.5, 8.5], "texture": "#0"},
				"down": {"uv": [9.5, 7.25, 10.5, 8.5], "texture": "#0"}
			}
		},
		{
			"from": [7.56208, 14.30599, 19.99735],
			"to": [8.43792, 14.8718, 21.35715],
			"rotation": {"angle": 0, "axis": "y", "origin": [10.6454, 15.51138, -10.53354]},
			"faces": {
				"north": {"uv": [9.5, 7.25, 10.5, 8.5], "texture": "#0"},
				"east": {"uv": [9.5, 7.25, 10.5, 8.5], "texture": "#0"},
				"south": {"uv": [9.5, 7.25, 10.5, 8.5], "texture": "#0"},
				"west": {"uv": [9.5, 7.25, 10.5, 8.5], "texture": "#0"},
				"up": {"uv": [9.5, 7.25, 10.5, 8.5], "texture": "#0"},
				"down": {"uv": [9.5, 7.25, 10.5, 8.5], "texture": "#0"}
			}
		},
		{
			"from": [7.11208, 12.68599, 21.25735],
			"to": [8.88792, 14.1518, 23.15715],
			"rotation": {"angle": 0, "axis": "y", "origin": [10.6454, 15.69138, -11.88354]},
			"faces": {
				"north": {"uv": [8.5, 1.75, 9.5, 3], "texture": "#0"},
				"east": {"uv": [8.5, 1.75, 9.5, 3], "texture": "#0"},
				"south": {"uv": [8.5, 1.75, 9.5, 3], "texture": "#0"},
				"west": {"uv": [8.5, 1.75, 9.5, 3], "texture": "#0"},
				"up": {"uv": [8.5, 1.75, 9.5, 3], "texture": "#0"},
				"down": {"uv": [8.5, 1.75, 9.5, 3], "texture": "#0"}
			}
		},
		{
			"from": [7.56208, 13.04599, 23.05735],
			"to": [8.43792, 13.7918, 26.30715],
			"rotation": {"angle": 0, "axis": "y", "origin": [10.6454, 15.69138, -11.88354]},
			"faces": {
				"north": {"uv": [0, 3.25, 1, 4.25], "texture": "#0"},
				"east": {"uv": [0, 3.25, 1, 4.25], "texture": "#0"},
				"south": {"uv": [0, 3.25, 1, 4.25], "texture": "#0"},
				"west": {"uv": [0, 3.25, 1, 4.25], "texture": "#0"},
				"up": {"uv": [0, 3.25, 1, 4.25], "texture": "#0"},
				"down": {"uv": [0, 3.25, 1, 4.25], "texture": "#0"}
			}
		},
		{
			"from": [5.76208, 12.68599, 14.95735],
			"to": [10.23792, 14.1518, 20.90715],
			"rotation": {"angle": 0, "axis": "y", "origin": [10.6454, 15.69138, -11.88354]},
			"faces": {
				"north": {"uv": [8.5, 1.75, 9.5, 3], "texture": "#0"},
				"east": {"uv": [8.5, 1.75, 9.5, 3], "texture": "#0"},
				"south": {"uv": [8.5, 1.75, 9.5, 3], "texture": "#0"},
				"west": {"uv": [8.5, 1.75, 9.5, 3], "texture": "#0"},
				"up": {"uv": [8.5, 1.75, 9.5, 3], "texture": "#0"},
				"down": {"uv": [8.5, 1.75, 9.5, 3], "texture": "#0"}
			}
		},
		{
			"from": [10.64141, 12.86599, 14.98572],
			"to": [12.54121, 13.9718, 16.40156],
			"rotation": {"angle": 22.5, "axis": "y", "origin": [11.38881, 13.41889, 18.39364]},
			"faces": {
				"north": {"uv": [8.5, 1.75, 9.5, 3], "rotation": 270, "texture": "#0"},
				"east": {"uv": [8.5, 1.75, 9.5, 3], "rotation": 270, "texture": "#0"},
				"south": {"uv": [8.5, 1.75, 9.5, 3], "rotation": 270, "texture": "#0"},
				"west": {"uv": [8.5, 1.75, 9.5, 3], "rotation": 270, "texture": "#0"},
				"up": {"uv": [8.5, 1.75, 9.5, 3], "rotation": 270, "texture": "#0"},
				"down": {"uv": [8.5, 1.75, 9.5, 3], "rotation": 270, "texture": "#0"}
			}
		},
		{
			"from": [12.44141, 13.04599, 15.34572],
			"to": [14.88121, 13.7918, 16.04156],
			"rotation": {"angle": 22.5, "axis": "y", "origin": [11.38881, 13.41889, 18.39364]},
			"faces": {
				"north": {"uv": [0, 3.25, 1, 4.25], "rotation": 270, "texture": "#0"},
				"east": {"uv": [0, 3.25, 1, 4.25], "rotation": 270, "texture": "#0"},
				"south": {"uv": [0, 3.25, 1, 4.25], "rotation": 270, "texture": "#0"},
				"west": {"uv": [0, 3.25, 1, 4.25], "rotation": 270, "texture": "#0"},
				"up": {"uv": [0, 3.25, 1, 4.25], "rotation": 270, "texture": "#0"},
				"down": {"uv": [0, 3.25, 1, 4.25], "rotation": 270, "texture": "#0"}
			}
		},
		{
			"from": [9.74141, 12.86599, 17.23572],
			"to": [12.99121, 13.9718, 18.65156],
			"rotation": {"angle": 0, "axis": "y", "origin": [11.38881, 13.41889, 18.39364]},
			"faces": {
				"north": {"uv": [8.5, 1.75, 9.5, 3], "rotation": 270, "texture": "#0"},
				"east": {"uv": [8.5, 1.75, 9.5, 3], "rotation": 270, "texture": "#0"},
				"south": {"uv": [8.5, 1.75, 9.5, 3], "rotation": 270, "texture": "#0"},
				"west": {"uv": [8.5, 1.75, 9.5, 3], "rotation": 270, "texture": "#0"},
				"up": {"uv": [8.5, 1.75, 9.5, 3], "rotation": 270, "texture": "#0"},
				"down": {"uv": [8.5, 1.75, 9.5, 3], "rotation": 270, "texture": "#0"}
			}
		},
		{
			"from": [12.89141, 13.04599, 17.59572],
			"to": [15.33121, 13.7918, 18.29156],
			"rotation": {"angle": 0, "axis": "y", "origin": [11.38881, 13.41889, 18.39364]},
			"faces": {
				"north": {"uv": [0, 3.25, 1, 4.25], "rotation": 270, "texture": "#0"},
				"east": {"uv": [0, 3.25, 1, 4.25], "rotation": 270, "texture": "#0"},
				"south": {"uv": [0, 3.25, 1, 4.25], "rotation": 270, "texture": "#0"},
				"west": {"uv": [0, 3.25, 1, 4.25], "rotation": 270, "texture": "#0"},
				"up": {"uv": [0, 3.25, 1, 4.25], "rotation": 270, "texture": "#0"},
				"down": {"uv": [0, 3.25, 1, 4.25], "rotation": 270, "texture": "#0"}
			}
		},
		{
			"from": [8.84141, 12.86599, 19.48572],
			"to": [12.09121, 13.9718, 20.90156],
			"rotation": {"angle": -22.5, "axis": "y", "origin": [11.38881, 13.41889, 18.39364]},
			"faces": {
				"north": {"uv": [8.5, 1.75, 9.5, 3], "rotation": 270, "texture": "#0"},
				"east": {"uv": [8.5, 1.75, 9.5, 3], "rotation": 270, "texture": "#0"},
				"south": {"uv": [8.5, 1.75, 9.5, 3], "rotation": 270, "texture": "#0"},
				"west": {"uv": [8.5, 1.75, 9.5, 3], "rotation": 270, "texture": "#0"},
				"up": {"uv": [8.5, 1.75, 9.5, 3], "rotation": 270, "texture": "#0"},
				"down": {"uv": [8.5, 1.75, 9.5, 3], "rotation": 270, "texture": "#0"}
			}
		},
		{
			"from": [11.99141, 13.04599, 19.84572],
			"to": [14.43121, 13.7918, 20.54156],
			"rotation": {"angle": -22.5, "axis": "y", "origin": [11.38881, 13.41889, 18.39364]},
			"faces": {
				"north": {"uv": [0, 3.25, 1, 4.25], "rotation": 270, "texture": "#0"},
				"east": {"uv": [0, 3.25, 1, 4.25], "rotation": 270, "texture": "#0"},
				"south": {"uv": [0, 3.25, 1, 4.25], "rotation": 270, "texture": "#0"},
				"west": {"uv": [0, 3.25, 1, 4.25], "rotation": 270, "texture": "#0"},
				"up": {"uv": [0, 3.25, 1, 4.25], "rotation": 270, "texture": "#0"},
				"down": {"uv": [0, 3.25, 1, 4.25], "rotation": 270, "texture": "#0"}
			}
		},
		{
			"from": [3.45879, 12.86599, 14.98572],
			"to": [5.35859, 13.9718, 16.40156],
			"rotation": {"angle": -22.5, "axis": "y", "origin": [4.61119, 13.41889, 18.39364]},
			"faces": {
				"north": {"uv": [8.5, 1.75, 9.5, 3], "rotation": 270, "texture": "#0"},
				"east": {"uv": [8.5, 1.75, 9.5, 3], "rotation": 270, "texture": "#0"},
				"south": {"uv": [8.5, 1.75, 9.5, 3], "rotation": 270, "texture": "#0"},
				"west": {"uv": [8.5, 1.75, 9.5, 3], "rotation": 270, "texture": "#0"},
				"up": {"uv": [8.5, 1.75, 9.5, 3], "rotation": 270, "texture": "#0"},
				"down": {"uv": [8.5, 1.75, 9.5, 3], "rotation": 270, "texture": "#0"}
			}
		},
		{
			"from": [1.11879, 13.04599, 15.34572],
			"to": [3.55859, 13.7918, 16.04156],
			"rotation": {"angle": -22.5, "axis": "y", "origin": [4.61119, 13.41889, 18.39364]},
			"faces": {
				"north": {"uv": [0, 3.25, 1, 4.25], "rotation": 270, "texture": "#0"},
				"east": {"uv": [0, 3.25, 1, 4.25], "rotation": 270, "texture": "#0"},
				"south": {"uv": [0, 3.25, 1, 4.25], "rotation": 270, "texture": "#0"},
				"west": {"uv": [0, 3.25, 1, 4.25], "rotation": 270, "texture": "#0"},
				"up": {"uv": [0, 3.25, 1, 4.25], "rotation": 270, "texture": "#0"},
				"down": {"uv": [0, 3.25, 1, 4.25], "rotation": 270, "texture": "#0"}
			}
		},
		{
			"from": [3.00879, 12.86599, 17.23572],
			"to": [6.25859, 13.9718, 18.65156],
			"rotation": {"angle": 0, "axis": "y", "origin": [4.61119, 13.41889, 18.39364]},
			"faces": {
				"north": {"uv": [8.5, 1.75, 9.5, 3], "rotation": 270, "texture": "#0"},
				"east": {"uv": [8.5, 1.75, 9.5, 3], "rotation": 270, "texture": "#0"},
				"south": {"uv": [8.5, 1.75, 9.5, 3], "rotation": 270, "texture": "#0"},
				"west": {"uv": [8.5, 1.75, 9.5, 3], "rotation": 270, "texture": "#0"},
				"up": {"uv": [8.5, 1.75, 9.5, 3], "rotation": 270, "texture": "#0"},
				"down": {"uv": [8.5, 1.75, 9.5, 3], "rotation": 270, "texture": "#0"}
			}
		},
		{
			"from": [0.66879, 13.04599, 17.59572],
			"to": [3.10859, 13.7918, 18.29156],
			"rotation": {"angle": 0, "axis": "y", "origin": [4.61119, 13.41889, 18.39364]},
			"faces": {
				"north": {"uv": [0, 3.25, 1, 4.25], "rotation": 270, "texture": "#0"},
				"east": {"uv": [0, 3.25, 1, 4.25], "rotation": 270, "texture": "#0"},
				"south": {"uv": [0, 3.25, 1, 4.25], "rotation": 270, "texture": "#0"},
				"west": {"uv": [0, 3.25, 1, 4.25], "rotation": 270, "texture": "#0"},
				"up": {"uv": [0, 3.25, 1, 4.25], "rotation": 270, "texture": "#0"},
				"down": {"uv": [0, 3.25, 1, 4.25], "rotation": 270, "texture": "#0"}
			}
		},
		{
			"from": [3.90879, 12.86599, 19.48572],
			"to": [7.15859, 13.9718, 20.90156],
			"rotation": {"angle": 22.5, "axis": "y", "origin": [4.61119, 13.41889, 18.39364]},
			"faces": {
				"north": {"uv": [8.5, 1.75, 9.5, 3], "rotation": 270, "texture": "#0"},
				"east": {"uv": [8.5, 1.75, 9.5, 3], "rotation": 270, "texture": "#0"},
				"south": {"uv": [8.5, 1.75, 9.5, 3], "rotation": 270, "texture": "#0"},
				"west": {"uv": [8.5, 1.75, 9.5, 3], "rotation": 270, "texture": "#0"},
				"up": {"uv": [8.5, 1.75, 9.5, 3], "rotation": 270, "texture": "#0"},
				"down": {"uv": [8.5, 1.75, 9.5, 3], "rotation": 270, "texture": "#0"}
			}
		},
		{
			"from": [1.56879, 13.04599, 19.84572],
			"to": [4.00859, 13.7918, 20.54156],
			"rotation": {"angle": 22.5, "axis": "y", "origin": [4.61119, 13.41889, 18.39364]},
			"faces": {
				"north": {"uv": [0, 3.25, 1, 4.25], "rotation": 270, "texture": "#0"},
				"east": {"uv": [0, 3.25, 1, 4.25], "rotation": 270, "texture": "#0"},
				"south": {"uv": [0, 3.25, 1, 4.25], "rotation": 270, "texture": "#0"},
				"west": {"uv": [0, 3.25, 1, 4.25], "rotation": 270, "texture": "#0"},
				"up": {"uv": [0, 3.25, 1, 4.25], "rotation": 270, "texture": "#0"},
				"down": {"uv": [0, 3.25, 1, 4.25], "rotation": 270, "texture": "#0"}
			}
		}
	],
	"display": {
		"head": {
			"translation": [0, -30.25, -28.5],
			"scale": [4, 4, 4]
		}
	},
	"groups": [
		{
			"name": "root",
			"origin": [8, 8, 8],
			"children": [
				{
					"name": "tail",
					"origin": [8, 8, 8],
					"children": [
						{
							"name": "group",
							"origin": [8, 8, 8],
							"children": [0, 1, 2, 3, 4, 5,
								{
									"name": "group",
									"origin": [8, 8, 8],
									"children": [
										{
											"name": "group",
											"origin": [8, 9.01198, 22.15852],
											"children": [6, 7]
										},
										{
											"name": "group",
											"origin": [8, 9.01198, 22.15852],
											"children": [8, 9]
										},
										{
											"name": "group",
											"origin": [8, 9.01198, 22.15852],
											"children": [10, 11]
										}
									]
								},
								{
									"name": "group",
									"origin": [8, 8, 8],
									"children": [
										{
											"name": "group",
											"origin": [8, 9.01198, 22.15852],
											"children": [12, 13]
										},
										{
											"name": "group",
											"origin": [8, 9.01198, 22.15852],
											"children": [14, 15]
										},
										{
											"name": "group",
											"origin": [8, 9.01198, 22.15852],
											"children": [16, 17]
										}
									]
								}
							]
						}
					]
				}
			]
		}
	]
}