{
	"credit": "Made with Blockbench",
	"texture_size": [32, 32],
	"textures": {
		"0": "reus/head",
		"particle": "reus/head"
	},
	"elements": [
		{
			"from": [6.51342, 13.03123, 4.75337],
			"to": [9.48658, 15.15991, 9.96427],
			"rotation": {"angle": 0, "axis": "y", "origin": [10.93933, 15.97056, -19.46984]},
			"faces": {
				"north": {"uv": [2, 9, 3.25, 10.25], "texture": "#0"},
				"east": {"uv": [2, 9, 3.25, 10.25], "texture": "#0"},
				"south": {"uv": [2, 9, 3.25, 10.25], "texture": "#0"},
				"west": {"uv": [2, 9, 3.25, 10.25], "texture": "#0"},
				"up": {"uv": [0, 11, 1.5, 11.75], "texture": "#0"},
				"down": {"uv": [2, 9, 3.25, 10.25], "texture": "#0"}
			}
		},
		{
			"from": [6.65922, 12.07273, 4.75337],
			"to": [9.34078, 13.10791, 9.96427],
			"rotation": {"angle": 0, "axis": "y", "origin": [10.93933, 15.97056, -19.46984]},
			"faces": {
				"north": {"uv": [0, 1.5, 1.5, 3], "texture": "#0"},
				"east": {"uv": [0, 1.5, 1.5, 3], "texture": "#0"},
				"south": {"uv": [0, 1.5, 1.5, 3], "texture": "#0"},
				"west": {"uv": [0, 1.5, 1.5, 3], "texture": "#0"},
				"up": {"uv": [0, 1.5, 1.5, 3], "texture": "#0"},
				"down": {"uv": [0, 1.5, 1.5, 3], "texture": "#0"}
			}
		},
		{
			"from": [7.70607, 0.48077, 0.6908],
			"to": [8.29393, 0.97066, 2.16047],
			"rotation": {"angle": -45, "axis": "x", "origin": [8, 15.97056, -14.57096]},
			"faces": {
				"north": {"uv": [1, 3.5, 1.5, 4.25], "texture": "#0"},
				"east": {"uv": [1, 3.5, 1.5, 4.25], "texture": "#0"},
				"south": {"uv": [1, 3.5, 1.5, 4.25], "texture": "#0"},
				"west": {"uv": [1, 3.5, 1.5, 4.25], "texture": "#0"},
				"up": {"uv": [1, 3.5, 1.5, 4.25], "texture": "#0"},
				"down": {"uv": [1, 3.5, 1.5, 4.25], "texture": "#0"}
			}
		},
		{
			"from": [7.21618, 0.34955, -1.26875],
			"to": [8.78382, 1.46054, 0.6908],
			"rotation": {"angle": -45, "axis": "x", "origin": [8, 15.97056, -14.57096]},
			"faces": {
				"north": {"uv": [2.25, 7.25, 2.75, 8], "texture": "#0"},
				"east": {"uv": [2.25, 7.25, 2.75, 8], "rotation": 270, "texture": "#0"},
				"south": {"uv": [0, 7, 0.5, 7.25], "texture": "#0"},
				"west": {"uv": [2.25, 7.25, 2.75, 8], "rotation": 90, "texture": "#0"},
				"up": {"uv": [2.25, 7.25, 2.75, 8], "rotation": 180, "texture": "#0"},
				"down": {"uv": [2.25, 7.25, 2.75, 8], "texture": "#0"}
			}
		},
		{
			"from": [7.70607, -1.34173, 2.1488],
			"to": [8.29393, -0.85184, 3.61847],
			"rotation": {"angle": -45, "axis": "x", "origin": [8, 15.97056, -14.57096]},
			"faces": {
				"north": {"uv": [1, 3.5, 1.5, 4.25], "texture": "#0"},
				"east": {"uv": [1, 3.5, 1.5, 4.25], "texture": "#0"},
				"south": {"uv": [1, 3.5, 1.5, 4.25], "texture": "#0"},
				"west": {"uv": [1, 3.5, 1.5, 4.25], "texture": "#0"},
				"up": {"uv": [1, 3.5, 1.5, 4.25], "texture": "#0"},
				"down": {"uv": [1, 3.5, 1.5, 4.25], "texture": "#0"}
			}
		},
		{
			"from": [7.21618, -1.47295, 0.18925],
			"to": [8.78382, -0.36196, 2.1488],
			"rotation": {"angle": -45, "axis": "x", "origin": [8, 15.97056, -14.57096]},
			"faces": {
				"north": {"uv": [2.25, 7.25, 2.75, 8], "texture": "#0"},
				"east": {"uv": [2.25, 7.25, 2.75, 8], "rotation": 270, "texture": "#0"},
				"south": {"uv": [0, 7, 0.5, 7.25], "texture": "#0"},
				"west": {"uv": [2.25, 7.25, 2.75, 8], "rotation": 90, "texture": "#0"},
				"up": {"uv": [2.25, 7.25, 2.75, 8], "rotation": 180, "texture": "#0"},
				"down": {"uv": [2.25, 7.25, 2.75, 8], "texture": "#0"}
			}
		},
		{
			"from": [6.66208, 13.04599, 9.91735],
			"to": [9.33792, 14.9618, 14.60715],
			"rotation": {"angle": 0, "axis": "y", "origin": [10.6454, 15.69138, -11.88354]},
			"faces": {
				"north": {"uv": [2, 9, 3.25, 10.25], "texture": "#0"},
				"east": {"uv": [2, 9, 3.25, 10.25], "texture": "#0"},
				"south": {"uv": [2, 9, 3.25, 10.25], "texture": "#0"},
				"west": {"uv": [2, 9, 3.25, 10.25], "texture": "#0"},
				"up": {"uv": [0, 11, 1.5, 11.75], "texture": "#0"},
				"down": {"uv": [2, 9, 3.25, 10.25], "texture": "#0"}
			}
		},
		{
			"from": [6.7933, 12.19684, 9.91735],
			"to": [9.2067, 13.1285, 14.60715],
			"rotation": {"angle": 0, "axis": "y", "origin": [10.6454, 15.69138, -11.88354]},
			"faces": {
				"north": {"uv": [0, 1.5, 1.5, 3], "texture": "#0"},
				"east": {"uv": [0, 1.5, 1.5, 3], "texture": "#0"},
				"south": {"uv": [0, 1.5, 1.5, 3], "texture": "#0"},
				"west": {"uv": [0, 1.5, 1.5, 3], "texture": "#0"},
				"up": {"uv": [0, 1.5, 1.5, 3], "texture": "#0"},
				"down": {"uv": [0, 1.5, 1.5, 3], "texture": "#0"}
			}
		},
		{
			"from": [7.73546, 1.75057, 6.26104],
			"to": [8.26454, 2.19147, 7.58373],
			"rotation": {"angle": -45, "axis": "x", "origin": [8, 15.69138, -7.47455]},
			"faces": {
				"north": {"uv": [1, 3.5, 1.5, 4.25], "texture": "#0"},
				"east": {"uv": [1, 3.5, 1.5, 4.25], "texture": "#0"},
				"south": {"uv": [1, 3.5, 1.5, 4.25], "texture": "#0"},
				"west": {"uv": [1, 3.5, 1.5, 4.25], "texture": "#0"},
				"up": {"uv": [1, 3.5, 1.5, 4.25], "texture": "#0"},
				"down": {"uv": [1, 3.5, 1.5, 4.25], "texture": "#0"}
			}
		},
		{
			"from": [7.29456, 1.63247, 4.49744],
			"to": [8.70544, 2.63237, 6.26104],
			"rotation": {"angle": -45, "axis": "x", "origin": [8, 15.69138, -7.47455]},
			"faces": {
				"north": {"uv": [2.25, 7.25, 2.75, 8], "texture": "#0"},
				"east": {"uv": [2.25, 7.25, 2.75, 8], "rotation": 270, "texture": "#0"},
				"south": {"uv": [0, 7, 0.5, 7.25], "texture": "#0"},
				"west": {"uv": [2.25, 7.25, 2.75, 8], "rotation": 90, "texture": "#0"},
				"up": {"uv": [2.25, 7.25, 2.75, 8], "rotation": 180, "texture": "#0"},
				"down": {"uv": [2.25, 7.25, 2.75, 8], "texture": "#0"}
			}
		},
		{
			"from": [7.73546, 0.11032, 7.57324],
			"to": [8.26454, 0.55122, 8.89593],
			"rotation": {"angle": -45, "axis": "x", "origin": [8, 15.69138, -7.47455]},
			"faces": {
				"north": {"uv": [1, 3.5, 1.5, 4.25], "texture": "#0"},
				"east": {"uv": [1, 3.5, 1.5, 4.25], "texture": "#0"},
				"south": {"uv": [1, 3.5, 1.5, 4.25], "texture": "#0"},
				"west": {"uv": [1, 3.5, 1.5, 4.25], "texture": "#0"},
				"up": {"uv": [1, 3.5, 1.5, 4.25], "texture": "#0"},
				"down": {"uv": [1, 3.5, 1.5, 4.25], "texture": "#0"}
			}
		},
		{
			"from": [7.29456, -0.00778, 5.80964],
			"to": [8.70544, 0.99212, 7.57324],
			"rotation": {"angle": -45, "axis": "x", "origin": [8, 15.69138, -7.47455]},
			"faces": {
				"north": {"uv": [2.25, 7.25, 2.75, 8], "texture": "#0"},
				"east": {"uv": [2.25, 7.25, 2.75, 8], "rotation": 270, "texture": "#0"},
				"south": {"uv": [0, 7, 0.5, 7.25], "texture": "#0"},
				"west": {"uv": [2.25, 7.25, 2.75, 8], "rotation": 90, "texture": "#0"},
				"up": {"uv": [2.25, 7.25, 2.75, 8], "rotation": 180, "texture": "#0"},
				"down": {"uv": [2.25, 7.25, 2.75, 8], "texture": "#0"}
			}
		}
	],
	"display": {
		"head": {
			"translation": [0, -30.25, 10.75],
			"scale": [4, 4, 4]
		}
	},
	"groups": [
		{
			"name": "root",
			"origin": [8, 8, 8],
			"children": [
				{
					"name": "tail",
					"origin": [8, 8, 8],
					"children": [
						{
							"name": "group",
							"origin": [8, 8, 8],
							"children": [0, 1, 2, 3, 4, 5]
						},
						{
							"name": "group",
							"origin": [8, 8, 8],
							"children": [6, 7, 8, 9, 10, 11]
						}
					]
				}
			]
		}
	]
}