{
	"credit": "Made with Blockbench",
	"texture_size": [32, 32],
	"textures": {
		"0": "reus/head",
		"particle": "reus/head"
	},
	"elements": [
		{
			"from": [6.09786, 18.02935, 7.2111],
			"to": [9.33786, 19.10935, 9.9111],
			"rotation": {"angle": 22.5, "axis": "x", "origin": [7.96086, 13.44782, 6.78911]},
			"faces": {
				"north": {"uv": [9.5, 1.75, 8.5, 3], "texture": "#0"},
				"east": {"uv": [9.5, 1.75, 8.5, 3], "texture": "#0"},
				"south": {"uv": [9.5, 1.75, 8.5, 3], "texture": "#0"},
				"west": {"uv": [9.5, 1.75, 8.5, 3], "texture": "#0"},
				"up": {"uv": [9.5, 1.75, 8.5, 3], "texture": "#0"},
				"down": {"uv": [9.5, 1.75, 8.5, 3], "texture": "#0"}
			}
		},
		{
			"from": [6.09786, 11.54935, 7.2111],
			"to": [9.87786, 18.02935, 10.9911],
			"rotation": {"angle": 22.5, "axis": "x", "origin": [7.96086, 13.44782, 6.78911]},
			"faces": {
				"north": {"uv": [9.5, 1.75, 8.5, 3], "texture": "#0"},
				"east": {"uv": [9.5, 1.75, 8.5, 3], "texture": "#0"},
				"south": {"uv": [9.5, 1.75, 8.5, 3], "texture": "#0"},
				"west": {"uv": [9.5, 1.75, 8.5, 3], "texture": "#0"},
				"up": {"uv": [9.5, 1.75, 8.5, 3], "texture": "#0"},
				"down": {"uv": [9.5, 1.75, 8.5, 3], "texture": "#0"}
			}
		},
		{
			"from": [6.63786, 8.84935, 7.2111],
			"to": [9.33786, 11.54935, 9.9111],
			"rotation": {"angle": 22.5, "axis": "x", "origin": [7.96086, 13.44782, 6.78911]},
			"faces": {
				"north": {"uv": [9.5, 1.75, 8.5, 3], "texture": "#0"},
				"east": {"uv": [9.5, 1.75, 8.5, 3], "texture": "#0"},
				"south": {"uv": [9.5, 1.75, 8.5, 3], "texture": "#0"},
				"west": {"uv": [9.5, 1.75, 8.5, 3], "texture": "#0"},
				"up": {"uv": [9.5, 1.75, 8.5, 3], "texture": "#0"},
				"down": {"uv": [9.5, 1.75, 8.5, 3], "texture": "#0"}
			}
		},
		{
			"from": [6.63786, 11.54935, 6.1311],
			"to": [9.33786, 18.02935, 7.2111],
			"rotation": {"angle": 22.5, "axis": "x", "origin": [7.96086, 13.44782, 6.78911]},
			"faces": {
				"north": {"uv": [9.5, 1.75, 8.5, 3], "texture": "#0"},
				"east": {"uv": [9.5, 1.75, 8.5, 3], "texture": "#0"},
				"south": {"uv": [9.5, 1.75, 8.5, 3], "texture": "#0"},
				"west": {"uv": [9.5, 1.75, 8.5, 3], "texture": "#0"},
				"up": {"uv": [9.5, 1.75, 8.5, 3], "texture": "#0"},
				"down": {"uv": [9.5, 1.75, 8.5, 3], "texture": "#0"}
			}
		},
		{
			"from": [7.17786, 8.30935, 6.1311],
			"to": [8.79786, 11.54935, 7.2111],
			"rotation": {"angle": 22.5, "axis": "x", "origin": [7.96086, 13.44782, 6.78911]},
			"faces": {
				"north": {"uv": [9.5, 1.75, 8.5, 3], "texture": "#0"},
				"east": {"uv": [9.5, 1.75, 8.5, 3], "texture": "#0"},
				"south": {"uv": [9.5, 1.75, 8.5, 3], "texture": "#0"},
				"west": {"uv": [9.5, 1.75, 8.5, 3], "texture": "#0"},
				"up": {"uv": [9.5, 1.75, 8.5, 3], "texture": "#0"},
				"down": {"uv": [9.5, 1.75, 8.5, 3], "texture": "#0"}
			}
		},
		{
			"from": [7.50186, 6.14935, 6.3471],
			"to": [8.47386, 8.30935, 7.2111],
			"rotation": {"angle": 22.5, "axis": "x", "origin": [7.96086, 13.44782, 6.78911]},
			"faces": {
				"north": {"uv": [9.5, 1.75, 8.5, 3], "texture": "#0"},
				"east": {"uv": [9.5, 1.75, 8.5, 3], "texture": "#0"},
				"south": {"uv": [9.5, 1.75, 8.5, 3], "texture": "#0"},
				"west": {"uv": [9.5, 1.75, 8.5, 3], "texture": "#0"},
				"up": {"uv": [9.5, 1.75, 8.5, 3], "texture": "#0"},
				"down": {"uv": [9.5, 1.75, 8.5, 3], "texture": "#0"}
			}
		},
		{
			"from": [7.39386, 12.65538, 5.30924],
			"to": [8.58186, 14.81538, 6.49724],
			"rotation": {"angle": -22.5, "axis": "x", "origin": [7.96086, 13.44782, 6.78911]},
			"faces": {
				"north": {"uv": [9.5, 1.75, 8.5, 3], "texture": "#0"},
				"east": {"uv": [9.5, 1.75, 8.5, 3], "texture": "#0"},
				"south": {"uv": [9.5, 1.75, 8.5, 3], "texture": "#0"},
				"west": {"uv": [9.5, 1.75, 8.5, 3], "texture": "#0"},
				"up": {"uv": [9.5, 1.75, 8.5, 3], "texture": "#0"},
				"down": {"uv": [9.5, 1.75, 8.5, 3], "texture": "#0"}
			}
		},
		{
			"from": [7.71786, 14.27538, 5.63324],
			"to": [8.25786, 16.43538, 6.17324],
			"rotation": {"angle": -22.5, "axis": "x", "origin": [7.96086, 13.44782, 6.78911]},
			"faces": {
				"north": {"uv": [7.75, 4.5, 7.5, 5], "texture": "#0"},
				"east": {"uv": [7.75, 4.5, 7.5, 5], "texture": "#0"},
				"south": {"uv": [7.75, 4.5, 7.5, 5], "texture": "#0"},
				"west": {"uv": [7.75, 4.5, 7.5, 5], "texture": "#0"},
				"up": {"uv": [7.75, 4.5, 7.5, 5], "texture": "#0"},
				"down": {"uv": [7.75, 4.5, 7.5, 5], "texture": "#0"}
			}
		},
		{
			"from": [7.39386, 14.27538, 6.92924],
			"to": [8.58186, 16.43538, 8.11724],
			"rotation": {"angle": -22.5, "axis": "x", "origin": [7.96086, 13.44782, 6.78911]},
			"faces": {
				"north": {"uv": [9.5, 1.75, 8.5, 3], "texture": "#0"},
				"east": {"uv": [9.5, 1.75, 8.5, 3], "texture": "#0"},
				"south": {"uv": [9.5, 1.75, 8.5, 3], "texture": "#0"},
				"west": {"uv": [9.5, 1.75, 8.5, 3], "texture": "#0"},
				"up": {"uv": [9.5, 1.75, 8.5, 3], "texture": "#0"},
				"down": {"uv": [9.5, 1.75, 8.5, 3], "texture": "#0"}
			}
		},
		{
			"from": [7.71786, 15.89538, 7.25324],
			"to": [8.25786, 18.05538, 7.79324],
			"rotation": {"angle": -22.5, "axis": "x", "origin": [7.96086, 13.44782, 6.78911]},
			"faces": {
				"north": {"uv": [7.75, 4.5, 7.5, 5], "texture": "#0"},
				"east": {"uv": [7.75, 4.5, 7.5, 5], "texture": "#0"},
				"south": {"uv": [7.75, 4.5, 7.5, 5], "texture": "#0"},
				"west": {"uv": [7.75, 4.5, 7.5, 5], "texture": "#0"},
				"up": {"uv": [7.75, 4.5, 7.5, 5], "texture": "#0"},
				"down": {"uv": [7.75, 4.5, 7.5, 5], "texture": "#0"}
			}
		}
	],
	"display": {
		"head": {
			"translation": [0, -32.25, -5.5],
			"scale": [4, 4, 4]
		}
	},
	"groups": [
		{
			"name": "root",
			"origin": [8, 8, 8],
			"children": [
				{
					"name": "leg_l",
					"origin": [8, 8, 8],
					"children": [
						{
							"name": "0",
							"origin": [8, 8, 8],
							"children": [0, 1, 2, 3, 4, 5,
								{
									"name": "group",
									"origin": [0, 0, 0],
									"children": [6, 7]
								},
								{
									"name": "group",
									"origin": [0, 0, 0],
									"children": [8, 9]
								}
							]
						}
					]
				}
			]
		}
	]
}