{
	"credit": "Made with Blockbench",
	"texture_size": [32, 32],
	"textures": {
		"0": "reus/head",
		"particle": "reus/head"
	},
	"elements": [
		{
			"from": [6.63786, 3.55735, 9.4791],
			"to": [9.33786, 5.71735, 14.8791],
			"rotation": {"angle": -22.5, "axis": "x", "origin": [7.98786, 3.95359, 15.11371]},
			"faces": {
				"north": {"uv": [3, 9.75, 1.5, 11], "texture": "#0"},
				"east": {"uv": [3, 9.75, 1.5, 11], "texture": "#0"},
				"south": {"uv": [3, 9.75, 1.5, 11], "texture": "#0"},
				"west": {"uv": [3, 9.75, 1.5, 11], "texture": "#0"},
				"up": {"uv": [3, 9.75, 1.5, 10.5], "texture": "#0"},
				"down": {"uv": [3, 10.5, 1.5, 11.75], "texture": "#0"}
			}
		},
		{
			"from": [5.55786, 1.39735, 7.3191],
			"to": [10.41786, 3.55735, 10.0191],
			"rotation": {"angle": 0, "axis": "y", "origin": [21.21786, 0.85735, -14.8209]},
			"faces": {
				"north": {"uv": [3, 9.75, 1.5, 11], "texture": "#0"},
				"east": {"uv": [3, 9.75, 1.5, 11], "texture": "#0"},
				"south": {"uv": [3, 9.75, 1.5, 11], "texture": "#0"},
				"west": {"uv": [3, 9.75, 1.5, 11], "texture": "#0"},
				"up": {"uv": [3, 9.75, 1.5, 10.5], "texture": "#0"},
				"down": {"uv": [3, 10.5, 1.5, 11.75], "texture": "#0"}
			}
		},
		{
			"from": [7.17786, 0.85735, 5.6991],
			"to": [8.79786, 2.47735, 8.3991],
			"rotation": {"angle": -22.5, "axis": "x", "origin": [7.98786, 2.09935, 5.6991]},
			"faces": {
				"north": {"uv": [3, 9.75, 1.5, 11], "texture": "#0"},
				"east": {"uv": [3, 9.75, 1.5, 11], "texture": "#0"},
				"south": {"uv": [3, 9.75, 1.5, 11], "texture": "#0"},
				"west": {"uv": [3, 9.75, 1.5, 11], "texture": "#0"},
				"up": {"uv": [3, 9.75, 1.5, 10.5], "texture": "#0"},
				"down": {"uv": [3, 10.5, 1.5, 11.75], "texture": "#0"}
			}
		},
		{
			"from": [7.39386, 0.85735, 2.9991],
			"to": [8.58186, 2.04535, 5.6991],
			"rotation": {"angle": -45, "axis": "x", "origin": [7.98786, 2.09935, 5.6991]},
			"faces": {
				"north": {"uv": [10, 8, 9.25, 8.75], "texture": "#0"},
				"east": {"uv": [10, 8, 9.25, 8.75], "texture": "#0"},
				"south": {"uv": [10, 8, 9.25, 8.75], "texture": "#0"},
				"west": {"uv": [10, 8, 9.25, 8.75], "texture": "#0"},
				"up": {"uv": [10, 8, 9.25, 8.75], "texture": "#0"},
				"down": {"uv": [10, 8, 9.25, 8.75], "texture": "#0"}
			}
		},
		{
			"from": [9.33786, 0.85735, 5.6991],
			"to": [10.95786, 2.47735, 8.3991],
			"rotation": {"angle": -22.5, "axis": "x", "origin": [7.98786, 2.09935, 5.6991]},
			"faces": {
				"north": {"uv": [3, 9.75, 1.5, 11], "texture": "#0"},
				"east": {"uv": [3, 9.75, 1.5, 11], "texture": "#0"},
				"south": {"uv": [3, 9.75, 1.5, 11], "texture": "#0"},
				"west": {"uv": [3, 9.75, 1.5, 11], "texture": "#0"},
				"up": {"uv": [3, 9.75, 1.5, 10.5], "texture": "#0"},
				"down": {"uv": [3, 10.5, 1.5, 11.75], "texture": "#0"}
			}
		},
		{
			"from": [9.55386, 0.85735, 2.9991],
			"to": [10.74186, 2.04535, 5.6991],
			"rotation": {"angle": -45, "axis": "x", "origin": [7.98786, 2.09935, 5.6991]},
			"faces": {
				"north": {"uv": [10, 8, 9.25, 8.75], "texture": "#0"},
				"east": {"uv": [10, 8, 9.25, 8.75], "texture": "#0"},
				"south": {"uv": [10, 8, 9.25, 8.75], "texture": "#0"},
				"west": {"uv": [10, 8, 9.25, 8.75], "texture": "#0"},
				"up": {"uv": [10, 8, 9.25, 8.75], "texture": "#0"},
				"down": {"uv": [10, 8, 9.25, 8.75], "texture": "#0"}
			}
		},
		{
			"from": [5.01786, 0.85735, 5.6991],
			"to": [6.63786, 2.47735, 8.3991],
			"rotation": {"angle": -22.5, "axis": "x", "origin": [7.98786, 2.09935, 5.6991]},
			"faces": {
				"north": {"uv": [3, 9.75, 1.5, 11], "texture": "#0"},
				"east": {"uv": [3, 9.75, 1.5, 11], "texture": "#0"},
				"south": {"uv": [3, 9.75, 1.5, 11], "texture": "#0"},
				"west": {"uv": [3, 9.75, 1.5, 11], "texture": "#0"},
				"up": {"uv": [3, 9.75, 1.5, 10.5], "texture": "#0"},
				"down": {"uv": [3, 10.5, 1.5, 11.75], "texture": "#0"}
			}
		},
		{
			"from": [5.23386, 0.85735, 2.9991],
			"to": [6.42186, 2.04535, 5.6991],
			"rotation": {"angle": -45, "axis": "x", "origin": [7.98786, 2.09935, 5.6991]},
			"faces": {
				"north": {"uv": [10, 8, 9.25, 8.75], "texture": "#0"},
				"east": {"uv": [10, 8, 9.25, 8.75], "texture": "#0"},
				"south": {"uv": [10, 8, 9.25, 8.75], "texture": "#0"},
				"west": {"uv": [10, 8, 9.25, 8.75], "texture": "#0"},
				"up": {"uv": [10, 8, 9.25, 8.75], "texture": "#0"},
				"down": {"uv": [10, 8, 9.25, 8.75], "texture": "#0"}
			}
		},
		{
			"from": [7.17786, 3.19089, 13.64353],
			"to": [8.79786, 4.81089, 16.34353],
			"rotation": {"angle": 22.5, "axis": "x", "origin": [7.98786, 3.41359, 14.68171]},
			"faces": {
				"north": {"uv": [2.75, 6.25, 2, 7], "texture": "#0"},
				"east": {"uv": [2.75, 6.25, 2, 7], "texture": "#0"},
				"south": {"uv": [2.75, 6.25, 2, 7], "texture": "#0"},
				"west": {"uv": [2.75, 6.25, 2, 7], "texture": "#0"},
				"up": {"uv": [2.75, 6.25, 2, 7], "texture": "#0"},
				"down": {"uv": [2.75, 6.25, 2, 7], "texture": "#0"}
			}
		},
		{
			"from": [7.39386, 3.74925, 15.82696],
			"to": [8.58186, 4.93725, 18.52696],
			"rotation": {"angle": 45, "axis": "x", "origin": [7.98786, 3.41359, 14.68171]},
			"faces": {
				"north": {"uv": [10, 8, 9.25, 8.75], "texture": "#0"},
				"east": {"uv": [10, 8, 9.25, 8.75], "texture": "#0"},
				"south": {"uv": [10, 8, 9.25, 8.75], "texture": "#0"},
				"west": {"uv": [10, 8, 9.25, 8.75], "texture": "#0"},
				"up": {"uv": [10, 8, 9.25, 8.75], "texture": "#0"},
				"down": {"uv": [10, 8, 9.25, 8.75], "texture": "#0"}
			}
		}
	],
	"display": {
		"head": {
			"translation": [0, 8, -22],
			"scale": [4, 4, 4]
		}
	},
	"groups": [
		{
			"name": "root",
			"origin": [8, 8, 8],
			"children": [
				{
					"name": "leg_l",
					"origin": [8, 8, 8],
					"children": [
						{
							"name": "2",
							"origin": [8, 8, 8],
							"children": [0, 1, 2, 3, 4, 5, 6, 7, 8, 9]
						}
					]
				}
			]
		}
	]
}